MutationType	S1	S2	S3	S4	S5	S6	S7	S8	S9	S10	S11	S12	S13	S14	S15	S16	S17	S18	S19	S20	S21	S22	S23	S24	S25	S26	S27	S28	S29	S30	S31	S32	S33	S34	S35	S36	S37	S38	S39	S40	S41	S42	S43	S44	S45	S46	S47	S48	S49	S50	S51	S52	S53	S54	S55	S56	S57	S58	S59	S60	S61	S62	S63	S64	S65	S66	S67	S68	S69	S70	S71	S72	S73	S74	S75	S76	S77	S78	S79	S80	S81	S82	S83	S84	S85	S86	S87	S88	S89	S90	S91	S92	S93	S94	S95	S96	S97	S98	S99	S100	S101	S102	S103	S104	S105	S106	S107	S108	S109	S110	S111	S112	S113	S114	S115	S116	S117	S118	S119	S120	S121	S122	S123	S124	S125	S126	S127	S128	S129	S130	S131	S132	S133	S134	S135	S136	S137	S138	S139	S140	S141	S142	S143	S144	S145	S146	S147	S148	S149	S150	S151	S152	S153	S154	S155	S156	S157	S158	S159	S160	S161	S162	S163	S164	S165	S166	S167	S168	S169	S170	S171	S172	S173	S174	S175	S176	S177	S178	S179	S180	S181	S182	S183	S184	S185	S186	S187	S188	S189	S190	S191	S192	S193	S194	S195	S196	S197	S198	S199	S200	S201	S202	S203	S204	S205	S206	S207	S208	S209	S210	S211	S212	S213	S214	S215	S216	S217	S218	S219	S220	S221	S222	S223	S224	S225	S226	S227	S228	S229	S230	S231	S232	S233	S234	S235	S236	S237	S238	S239	S240	S241	S242	S243	S244	S245	S246	S247	S248	S249	S250	S251	S252	S253	S254	S255	S256	S257	S258	S259	S260	S261	S262	S263	S264	S265	S266	S267	S268	S269	S270	S271	S272	S273	S274	S275	S276	S277	S278	S279	S280	S281	S282
A[C>A]A	146	147	37	25	23	20	20	19	21	9	9	45	12	93	4	4	34	32	9	15	16	50	30	21	19	25	76	66	2	0	3	0	3	3	0	3	8	33	22	37	26	20	23	24	17	16	14	14	10	14	28	22	6	7	154	111	237	145	10	13	29	33	41	11	27	20	29	24	12	18	36	43	37	10	17	6	9	5	7	14	7	35	37	8	10	11	7	4	6	11	25	36	25	40	77	112	24	12	27	17	15	43	120	29	32	5	6	0	4	4	4	4	3	1	3	1	4	2	2	4	9	3	2	2	4	3	7	4	3	4	5	11	6	4	6	2	2	8	2	1	0	2	1	1	0	14	9	18	16	10	10	17	10	7	21	5	6	16	12	20	9	31	28	51	46	22	13	14	29	43	42	38	37	12	23	14	13	14	22	17	18	14	17	15	12	3	10	9	6	9	3	2	2	2	5	3	8	11	14	8	7	3	2	5	5	30	29	9	5	5	6	11	10	9	10	13	26	6	1	0	6	1	20	10	9	5	2	1	6	3	3	3	3	3	3	5	4	2	3	4	6	4	5	10	7	1	0	1	1	3	1	6	6	5	5	5	10	7	5	7	2	5	9	3	8	5	9	3	2	4	3	1	2	3	1	11	8	14	46	50	8	5
A[C>A]C	77	50	21	10	14	15	4	8	4	6	12	32	12	53	3	1	19	14	6	12	8	16	27	12	9	19	39	45	2	0	2	2	1	1	3	1	2	15	14	23	13	8	9	13	10	4	8	9	5	5	10	8	3	4	83	76	151	86	7	6	12	12	13	8	12	11	10	10	13	15	13	15	15	6	8	4	8	6	4	5	3	24	17	4	3	2	3	3	6	8	21	11	13	22	60	64	12	7	9	9	10	45	87	24	26	5	6	0	3	1	4	3	1	6	2	5	0	3	2	4	2	1	2	1	1	3	0	0	2	7	1	4	2	2	4	4	0	3	0	6	0	2	2	1	1	4	11	5	4	2	8	4	6	8	13	10	7	11	5	9	5	13	16	17	20	14	11	4	5	20	25	18	7	3	20	13	11	4	10	12	13	11	6	13	2	2	13	4	4	9	3	3	4	0	1	2	6	10	8	1	3	1	3	2	1	27	16	5	2	1	13	8	5	7	10	3	15	3	1	1	2	3	12	12	4	2	4	0	1	2	3	3	1	3	1	2	3	1	2	2	2	2	0	7	1	3	2	2	4	3	0	3	2	1	3	6	1	6	2	2	1	2	1	3	5	2	1	1	1	4	2	0	2	0	5	3	7	4	46	60	9	3
A[C>A]G	16	18	2	2	5	4	5	2	6	2	4	20	4	10	0	1	7	1	1	1	5	3	6	1	2	2	15	14	0	1	1	0	1	0	1	1	1	0	0	2	4	6	2	2	7	3	2	5	2	1	6	2	1	0	22	17	62	48	2	2	2	5	6	2	1	2	2	1	1	1	2	4	7	2	7	1	3	2	0	2	5	10	13	1	1	3	1	2	3	1	5	6	5	9	15	34	5	5	3	2	4	11	26	5	9	1	1	0	0	0	1	1	2	1	0	0	0	1	1	2	0	3	0	0	0	0	0	0	0	1	2	1	2	0	1	1	0	0	0	0	0	0	0	0	0	5	2	3	1	1	0	2	1	0	6	2	2	2	0	1	5	5	4	4	3	2	0	2	10	5	2	1	2	4	4	5	4	0	1	4	1	0	2	4	1	0	5	4	0	0	0	1	0	1	1	0	0	2	6	1	1	0	0	0	1	17	6	1	2	1	1	2	2	4	2	4	6	0	0	0	1	0	2	2	3	0	1	0	0	0	0	0	0	1	0	1	0	0	1	0	0	1	0	2	1	0	1	0	0	0	0	0	1	0	1	1	0	0	1	1	0	1	0	0	0	0	0	0	1	0	1	1	0	0	2	0	4	1	7	9	2	2
A[C>A]T	96	74	20	14	14	12	13	7	7	6	12	24	13	56	3	1	24	22	5	12	7	28	22	7	16	11	48	37	1	0	1	0	1	2	0	4	7	23	17	18	18	11	11	15	17	14	15	12	1	8	22	12	1	4	99	68	147	94	6	8	16	16	14	10	10	19	20	16	9	15	12	14	11	6	14	6	4	5	0	7	6	21	14	2	4	6	4	2	6	5	17	16	11	21	42	81	7	7	8	11	11	26	57	13	18	5	4	2	4	6	3	1	2	3	0	2	2	4	2	3	2	2	0	0	3	1	1	4	2	1	1	2	1	1	5	7	1	5	0	5	1	3	0	1	2	16	14	11	11	6	5	7	5	7	16	7	3	18	4	15	9	13	19	20	23	17	5	15	13	26	29	12	12	9	23	12	9	7	13	16	8	7	11	16	9	4	8	4	5	5	2	3	1	0	4	6	6	4	12	1	3	3	2	4	2	24	26	5	7	2	10	7	8	9	11	8	12	5	3	3	4	1	8	10	6	4	2	0	0	3	0	2	2	4	1	4	4	1	1	1	3	3	1	4	1	2	3	2	4	3	4	9	3	1	3	4	7	10	5	5	4	1	6	0	3	3	5	1	2	4	2	2	1	0	10	6	6	8	33	33	4	4
C[C>A]A	113	96	12	12	16	18	14	22	9	12	21	44	18	118	8	6	38	28	8	6	10	35	25	13	22	17	71	49	1	0	0	1	0	3	3	2	16	16	17	25	21	21	24	30	20	21	13	12	6	3	21	12	6	6	156	118	264	179	9	3	33	35	33	14	21	19	21	13	18	24	27	29	17	15	16	9	9	15	9	13	13	31	35	5	10	8	5	3	8	11	13	20	26	33	94	117	12	8	22	16	16	43	75	13	22	7	8	1	1	5	4	1	3	0	3	5	4	0	1	2	6	3	4	0	3	5	7	9	8	5	3	5	3	3	4	3	2	5	2	4	1	1	1	1	0	14	16	25	16	6	8	8	11	1	16	6	8	20	10	9	10	12	17	20	31	19	13	19	11	46	27	20	26	3	17	13	19	9	13	26	20	20	14	15	3	4	9	7	4	4	3	0	1	4	5	3	4	31	11	1	8	3	1	8	1	51	39	4	7	6	15	9	15	16	8	11	13	3	3	1	2	6	14	10	5	5	1	3	1	2	2	0	2	4	4	3	1	3	2	2	2	3	2	4	3	2	0	0	5	7	0	2	9	3	3	5	9	5	5	5	2	3	5	5	5	2	8	0	2	6	2	1	0	2	10	6	8	9	34	38	13	4
C[C>A]C	60	54	5	8	10	16	10	5	5	3	17	29	12	61	3	0	18	17	6	11	9	17	10	8	14	9	58	51	0	0	2	2	3	1	1	6	8	10	4	14	12	8	14	16	4	6	0	6	1	2	8	10	2	6	140	106	216	137	6	6	12	5	16	6	9	10	5	8	8	13	14	13	11	4	11	1	10	5	5	7	3	28	41	2	6	2	1	1	2	6	15	16	8	18	93	107	5	8	12	8	7	35	76	15	7	5	7	3	0	6	3	0	4	6	2	1	1	2	2	1	4	3	2	3	1	1	2	2	1	2	4	3	0	4	6	8	1	6	1	2	0	0	1	0	1	9	6	5	3	5	4	5	4	8	14	5	5	9	4	11	7	8	10	14	25	10	2	6	3	21	18	12	13	3	12	8	10	5	9	6	7	16	11	9	5	0	6	10	2	5	2	1	6	1	2	5	4	20	21	2	7	3	2	2	6	39	22	5	3	4	8	9	6	10	6	7	13	5	1	0	1	1	10	5	2	3	2	1	3	1	3	4	2	2	4	1	2	2	2	1	0	6	0	1	2	1	0	0	3	3	1	6	2	1	1	11	2	3	2	1	0	2	1	2	4	1	7	2	1	0	2	1	0	1	8	5	1	7	25	31	8	8
C[C>A]G	20	18	0	4	3	3	1	1	4	3	5	9	4	23	0	1	3	5	1	1	1	3	3	0	0	0	12	9	0	0	0	1	1	0	2	0	1	2	4	9	5	12	2	6	6	3	5	3	0	0	4	4	3	4	33	22	71	42	0	1	4	5	8	3	1	0	5	1	1	0	6	11	7	7	4	3	0	2	2	1	8	7	12	1	4	1	1	1	0	3	5	3	3	4	26	27	0	0	0	1	3	8	20	3	0	0	0	0	0	1	1	1	0	1	0	3	0	0	0	0	0	0	0	1	0	0	3	0	0	3	1	3	0	0	3	1	0	3	0	0	0	0	0	0	0	3	3	2	6	3	4	0	0	1	3	1	2	0	0	0	0	3	13	9	3	6	4	0	3	3	4	2	3	0	5	3	3	4	3	3	3	3	0	1	0	0	2	1	3	0	0	0	2	0	0	1	4	1	4	0	1	0	0	0	0	7	9	4	3	3	4	1	0	1	1	1	4	2	0	0	3	0	1	1	1	0	0	1	3	0	1	0	1	0	0	1	0	0	0	0	1	0	0	1	3	3	0	1	3	1	1	0	0	0	0	0	0	0	0	0	0	0	0	0	0	1	3	0	0	0	0	0	0	0	2	0	4	3	11	7	3	5
C[C>A]T	65	55	9	7	11	10	9	13	6	5	9	32	11	80	2	2	20	19	10	9	5	13	16	11	10	3	38	29	1	1	0	0	2	0	6	7	2	17	17	17	15	20	14	18	13	16	5	10	6	3	7	2	3	3	109	55	210	119	8	11	23	23	18	8	10	13	15	9	13	18	15	25	13	6	11	3	7	6	3	4	6	30	32	3	10	6	3	2	5	11	10	13	15	22	55	89	7	2	18	13	11	25	78	10	11	5	7	1	2	3	3	3	2	3	1	3	2	3	2	1	3	1	5	2	1	2	8	5	3	1	3	2	3	3	4	2	3	1	2	3	1	1	0	1	0	8	11	12	11	7	1	5	5	1	9	5	3	7	2	9	10	22	22	18	20	5	14	13	12	29	33	29	14	5	17	11	12	13	13	19	6	7	6	11	8	6	3	1	6	3	6	6	7	1	8	2	6	11	13	5	4	2	2	3	1	40	28	7	1	10	6	5	12	12	14	11	18	1	6	0	0	2	10	1	6	8	0	0	4	3	1	2	3	3	5	3	2	3	1	1	3	2	3	4	1	2	0	2	2	0	0	2	2	3	0	3	5	3	5	8	3	7	3	1	5	2	5	4	1	1	3	4	1	1	8	5	3	5	21	31	6	9
G[C>A]A	108	83	24	14	38	35	13	25	16	11	14	51	14	84	3	6	41	28	6	21	16	66	57	12	29	45	74	64	0	2	0	2	5	2	3	0	7	33	18	35	19	37	27	33	14	29	9	4	17	13	41	13	3	5	128	105	273	161	17	8	22	28	32	17	19	26	31	11	8	26	19	33	34	22	14	6	13	8	6	12	12	42	40	9	15	6	5	5	11	20	37	37	26	32	102	102	13	14	21	16	25	62	140	46	49	11	5	3	3	9	12	3	2	0	2	3	5	2	6	0	9	2	2	6	6	0	3	8	3	5	6	3	2	3	9	6	2	8	3	5	0	0	0	0	2	16	17	18	8	9	0	8	5	11	25	3	3	19	14	5	12	22	40	31	25	14	11	6	14	53	45	33	40	11	26	13	11	9	17	33	16	14	12	9	8	5	6	8	5	2	2	3	0	0	2	6	15	11	20	3	9	11	8	2	2	41	28	9	2	3	8	16	9	13	13	9	16	11	5	0	8	3	30	8	11	3	5	3	9	3	0	3	2	3	0	8	0	3	6	9	3	0	11	11	6	2	2	2	6	3	3	0	8	3	3	6	11	9	3	9	0	6	3	0	3	6	6	6	2	3	5	5	2	2	6	5	9	6	59	74	19	12
G[C>A]C	34	22	8	7	9	6	7	6	5	2	10	24	8	36	2	1	9	10	12	12	3	21	16	7	6	5	55	43	0	1	1	0	2	1	0	5	6	10	10	16	13	4	9	14	4	7	0	3	4	3	3	6	6	3	90	80	136	100	2	2	15	7	17	4	3	7	11	10	0	4	10	13	10	4	4	7	1	4	0	7	7	18	17	0	3	2	2	1	7	3	10	17	10	14	54	70	7	2	6	7	3	39	75	10	16	4	7	0	1	3	4	0	5	7	2	5	0	0	0	2	1	0	0	1	0	0	3	4	1	0	1	0	0	2	2	6	0	7	0	0	0	3	0	0	1	6	5	5	2	2	4	3	9	1	10	2	2	7	1	7	7	9	8	14	18	4	5	6	3	14	11	13	11	5	11	7	7	7	6	10	4	3	5	8	5	2	12	5	2	2	2	0	2	0	1	5	3	7	9	1	2	3	1	5	3	17	17	3	1	3	7	7	8	10	14	5	8	2	5	1	2	1	5	2	3	6	1	0	0	1	0	1	1	6	1	1	1	1	3	1	1	1	0	5	2	2	1	2	6	1	2	1	2	4	3	4	7	2	3	0	1	0	1	1	1	0	1	2	0	2	2	0	1	1	3	2	6	2	21	26	5	5
G[C>A]G	8	4	4	0	3	6	3	2	4	0	4	11	5	7	4	0	3	3	4	6	4	8	0	1	7	0	16	16	1	0	0	0	1	1	0	2	1	3	3	4	2	6	1	2	2	0	0	0	1	1	4	0	0	1	33	25	52	37	1	4	4	3	10	1	4	1	1	3	3	3	0	4	4	3	1	1	0	1	0	1	3	6	1	3	4	3	0	0	6	2	5	3	3	5	25	28	5	0	4	4	0	24	34	11	11	0	0	0	0	3	0	0	0	0	0	0	0	0	0	0	0	0	0	0	0	0	0	3	0	1	0	0	0	0	1	0	0	0	0	0	0	1	0	0	0	5	2	2	0	1	0	0	1	0	1	3	2	1	0	1	3	4	5	3	1	1	0	0	0	4	1	4	1	0	4	3	2	1	0	1	0	3	0	2	3	0	0	1	2	2	0	0	0	0	0	1	1	2	7	0	0	0	3	3	2	7	12	0	1	1	1	3	0	2	0	2	4	0	0	0	0	0	3	2	5	0	0	0	0	0	3	0	0	0	0	0	0	0	0	1	0	0	1	1	1	1	1	0	0	0	0	0	0	1	1	3	0	0	0	0	2	2	0	0	0	2	0	0	0	1	3	0	0	0	2	0	2	2	15	19	0	6
G[C>A]T	39	32	12	12	19	14	4	10	10	5	8	26	10	33	1	2	18	11	9	17	11	22	12	4	14	4	26	31	0	0	1	1	0	0	2	1	5	18	8	17	16	16	9	14	10	5	8	5	2	1	15	5	0	1	59	51	101	74	4	3	16	20	9	8	8	9	8	14	6	16	14	17	8	1	5	2	3	4	5	8	7	24	29	3	5	5	4	2	5	7	12	11	11	12	39	57	9	3	4	4	6	20	45	14	21	4	3	2	0	6	7	0	5	4	2	0	1	2	1	2	2	3	3	3	0	3	0	3	1	1	1	0	2	5	3	1	2	4	0	1	2	2	0	0	0	9	6	6	6	3	2	5	5	4	18	3	2	12	2	6	4	5	6	16	19	4	8	3	10	23	22	17	11	3	9	5	11	1	7	11	4	3	6	5	6	3	1	2	1	0	2	2	2	1	2	2	3	6	4	1	6	0	2	3	2	17	14	3	3	1	6	4	7	3	3	9	6	2	5	1	1	1	7	6	4	4	0	1	0	3	3	1	7	2	1	4	1	1	3	1	4	4	3	4	2	2	0	2	2	3	2	4	0	3	4	2	1	3	1	3	1	0	1	0	2	2	4	0	0	2	3	1	1	1	2	4	2	6	25	26	7	3
T[C>A]A	141	102	22	12	15	18	4	10	8	3	9	30	12	140	1	1	7	10	13	18	7	35	32	8	12	16	56	40	0	0	1	0	0	3	1	3	6	20	7	16	11	15	13	21	6	6	6	6	6	9	17	15	3	3	93	90	191	139	9	10	5	6	21	10	11	16	10	5	4	14	7	12	20	5	8	6	0	2	2	8	6	24	26	5	7	4	1	1	12	12	15	21	13	12	61	68	5	11	16	4	7	29	91	26	32	3	7	2	3	2	7	2	0	2	3	0	1	3	4	0	8	1	6	1	3	0	1	4	9	2	3	1	1	3	1	0	1	9	1	0	0	2	1	0	0	12	11	3	3	2	5	3	2	7	26	6	5	9	3	8	6	10	9	12	18	10	11	10	5	37	32	23	20	9	23	8	6	2	6	16	9	7	7	6	5	0	6	3	1	0	4	0	0	0	2	7	6	8	12	2	8	4	1	11	5	27	28	2	3	6	7	9	14	8	12	5	8	3	1	1	0	3	8	7	6	7	1	1	7	2	1	4	2	0	1	2	1	3	2	2	4	2	6	4	1	1	3	0	2	5	5	0	3	2	3	4	5	2	3	0	2	3	4	2	4	3	4	4	0	2	2	3	1	2	5	4	2	4	41	42	3	6
T[C>A]C	126	108	15	19	17	13	3	6	6	3	11	33	9	172	1	2	9	8	7	10	5	23	29	14	7	13	71	54	3	1	5	1	5	0	3	5	4	11	17	17	17	16	13	11	3	4	4	4	7	6	22	8	2	6	124	64	228	141	9	6	6	16	21	5	7	7	5	8	5	9	8	14	16	8	8	6	4	5	2	4	5	29	28	1	4	0	4	2	3	13	16	29	14	22	69	76	10	5	23	12	4	45	93	24	24	7	8	1	0	4	6	0	0	4	1	3	2	4	3	3	7	2	4	1	4	0	3	1	2	4	3	2	1	1	5	4	2	1	2	0	0	2	2	0	1	16	17	3	3	1	2	8	8	8	19	3	2	9	2	13	2	10	18	8	12	21	19	8	10	10	20	15	14	4	11	6	5	5	7	13	6	8	4	9	2	2	13	10	2	4	1	1	4	3	6	2	5	11	10	6	7	3	1	7	2	28	23	6	3	6	6	8	6	9	3	3	1	11	0	1	1	2	1	11	4	7	0	1	2	0	1	4	5	1	4	4	4	6	2	3	2	3	3	8	2	2	3	2	0	0	3	4	6	3	6	12	1	4	7	9	0	2	3	1	4	1	4	5	1	3	6	3	3	1	3	1	0	6	25	39	10	9
T[C>A]G	12	14	3	4	4	1	0	3	1	6	1	13	1	24	0	1	1	2	5	6	0	8	6	1	6	4	10	9	0	0	0	0	0	0	1	0	0	3	2	1	2	4	1	4	1	3	1	4	0	1	3	3	0	0	24	19	24	20	7	1	1	4	9	1	1	2	0	0	2	4	8	1	4	4	4	2	0	0	0	4	1	9	10	0	3	1	0	0	4	0	8	5	4	5	8	22	4	1	2	2	4	7	19	6	4	0	0	0	1	1	1	0	0	0	0	1	1	0	1	0	0	1	0	0	0	0	1	0	1	0	0	0	0	1	0	0	0	1	0	0	0	1	0	0	0	5	1	0	3	1	2	6	3	0	0	1	1	1	0	1	4	4	6	2	4	5	2	1	1	1	6	2	4	4	8	3	0	0	1	4	5	0	1	4	0	3	1	2	0	0	1	0	0	0	1	1	5	1	2	1	1	1	0	0	0	2	4	0	0	0	1	5	0	0	0	0	3	3	1	1	0	0	1	1	1	1	0	0	1	1	0	0	1	0	0	0	0	1	0	1	0	3	0	1	4	1	0	0	2	1	1	0	0	0	2	0	0	0	4	1	0	1	1	1	0	1	0	0	2	0	0	2	0	0	0	1	0	3	10	14	0	0
T[C>A]T	112	113	36	19	25	25	14	10	8	11	16	34	12	145	5	4	9	14	13	14	15	52	34	14	14	19	59	35	0	0	1	0	0	6	3	1	7	39	22	25	17	21	22	27	4	11	10	15	13	9	26	13	1	6	100	76	170	124	9	7	11	19	15	12	20	11	16	14	9	25	15	27	14	9	9	2	6	4	6	8	7	22	32	4	6	3	4	1	8	27	29	23	15	16	47	82	6	4	23	11	7	42	82	41	40	7	10	4	1	11	9	0	0	4	1	5	2	4	2	1	6	4	4	3	3	2	8	12	5	7	3	4	2	2	5	7	2	5	1	3	2	0	0	2	2	13	17	4	3	8	1	7	4	10	19	4	5	7	10	4	5	13	16	15	22	14	15	4	11	61	43	22	28	8	15	12	8	5	12	17	16	8	8	13	6	4	10	4	2	3	4	1	2	1	4	4	7	11	13	5	9	6	2	4	6	31	22	3	5	1	5	3	15	14	10	7	5	1	1	1	2	1	14	10	8	10	0	0	4	3	0	8	3	3	2	4	3	0	5	1	4	4	4	8	2	3	1	0	3	2	1	3	11	3	3	5	4	3	5	2	0	1	5	1	3	4	1	3	4	2	6	3	1	1	2	3	3	8	50	64	7	7
A[C>G]A	27	28	3	8	8	7	8	10	14	12	8	16	6	37	0	5	12	12	3	6	0	19	14	8	5	10	19	15	0	1	3	2	1	1	5	2	7	15	21	15	16	14	17	19	7	6	12	9	4	6	6	6	0	4	30	43	64	40	6	5	19	17	14	7	13	14	14	7	5	3	16	19	20	7	9	5	5	8	4	13	7	13	15	4	4	5	1	2	3	4	12	9	11	17	32	29	6	10	5	7	6	28	54	10	6	4	4	0	2	0	1	1	0	0	1	1	3	2	2	3	0	1	3	0	1	1	1	2	2	4	2	3	3	0	3	3	1	4	0	1	0	1	1	0	0	3	3	4	8	9	4	8	6	1	10	4	3	13	5	5	5	12	8	15	19	10	6	10	12	19	24	13	13	10	12	12	6	6	14	14	6	10	11	13	4	3	9	4	2	0	2	0	4	1	6	3	3	2	10	3	3	0	2	2	2	15	13	2	3	2	5	3	3	4	7	5	8	3	0	0	3	1	4	6	5	2	0	0	1	0	1	2	4	4	3	2	2	3	0	1	0	0	1	5	1	0	0	1	4	2	4	0	4	2	2	4	5	2	5	2	0	2	7	2	2	3	6	2	0	1	0	0	2	1	4	3	6	1	31	26	7	1
A[C>G]C	21	15	3	2	6	4	1	5	1	6	5	7	6	20	1	3	8	6	3	2	3	12	9	0	7	5	9	6	0	0	0	1	0	1	0	1	5	4	7	7	8	7	4	6	3	2	2	2	3	3	4	2	1	0	25	21	25	17	1	1	0	7	6	2	2	4	3	3	0	5	4	7	2	6	6	6	3	5	0	3	5	4	11	1	1	2	2	0	3	2	9	4	3	13	19	24	0	1	3	4	4	22	38	1	3	5	0	1	1	1	0	1	2	0	0	1	2	3	0	0	1	0	1	1	0	0	0	0	0	1	0	1	1	0	1	0	0	1	0	0	0	0	0	0	0	4	2	1	3	4	3	1	6	2	6	2	1	2	1	2	2	4	3	3	4	5	4	3	2	14	7	11	5	0	3	4	6	2	1	5	3	3	3	2	4	1	2	0	0	0	2	1	0	0	0	0	0	1	0	0	1	1	1	2	1	1	1	1	0	2	2	1	3	6	4	0	1	1	1	0	0	0	2	1	1	2	2	0	2	2	0	1	1	0	1	0	1	0	0	0	1	1	1	2	0	0	2	0	1	0	0	1	0	1	1	3	0	0	3	1	0	0	1	0	2	2	1	0	0	0	0	0	0	0	1	1	1	2	22	32	0	4
A[C>G]G	17	18	0	0	0	4	0	0	2	2	0	5	2	17	1	0	1	1	0	4	0	0	5	1	1	0	5	5	0	0	0	0	0	0	0	0	2	2	2	3	2	4	3	4	2	1	0	1	0	0	2	2	0	0	11	4	18	5	0	0	2	0	1	2	1	2	4	1	1	1	1	5	0	1	2	2	0	2	3	0	1	1	2	0	0	2	1	0	0	1	1	0	0	1	7	6	1	0	0	0	0	7	23	1	2	0	1	0	0	0	0	0	0	1	1	2	0	0	2	0	0	1	0	0	0	0	0	1	1	1	1	0	1	0	0	0	0	1	0	1	0	0	0	0	0	0	1	1	1	0	1	2	0	1	1	0	1	1	0	0	1	2	7	1	3	0	1	1	1	2	4	4	0	0	1	1	1	0	2	0	0	4	1	0	0	0	1	0	3	0	0	0	0	0	0	0	0	0	0	0	0	0	0	1	0	6	0	0	0	1	0	1	2	0	2	1	1	0	1	0	0	0	1	0	0	0	0	0	0	0	0	1	0	0	1	1	0	0	0	0	0	0	0	0	0	0	0	0	0	0	0	1	0	1	0	0	1	1	1	0	0	1	0	0	0	1	1	0	0	0	0	0	0	0	0	1	1	0	10	12	1	0
A[C>G]T	25	27	5	6	8	5	9	9	12	9	8	13	7	32	2	2	18	7	4	8	0	7	13	5	5	10	24	19	0	0	0	3	0	0	1	0	8	14	13	14	6	11	14	15	8	2	3	5	2	3	11	6	2	0	42	33	56	30	2	2	10	6	9	6	7	4	9	4	6	8	14	15	11	8	5	2	7	12	1	11	5	13	18	3	4	5	3	4	6	3	10	16	14	18	19	15	2	5	2	3	8	41	74	5	8	7	2	0	0	1	1	1	1	3	2	4	0	2	1	3	1	1	2	0	2	2	2	4	0	5	1	1	6	3	1	3	0	2	1	1	0	2	0	1	0	6	7	5	7	1	2	4	4	3	12	3	3	5	3	2	4	8	9	12	12	7	5	7	5	22	11	13	11	1	7	3	5	6	14	4	8	5	5	5	3	2	8	0	0	1	0	2	1	1	0	2	3	5	6	1	1	1	2	2	1	11	7	1	3	2	6	2	4	4	5	2	6	0	1	1	2	2	3	9	4	2	0	1	0	2	0	0	3	3	0	2	0	2	1	0	0	1	0	0	0	0	1	1	2	1	1	1	5	1	1	1	1	3	1	1	0	0	0	1	2	1	5	1	2	1	1	2	2	0	3	3	1	1	28	39	3	5
C[C>G]A	15	15	4	6	1	5	1	3	2	1	3	16	5	18	3	7	5	5	4	5	2	3	5	4	3	4	14	13	0	0	0	0	1	0	2	1	5	10	8	14	10	14	8	8	2	1	4	4	0	3	5	1	1	0	40	20	48	32	3	2	4	7	3	3	6	9	6	9	2	10	10	8	6	6	8	1	5	1	4	4	6	21	10	1	4	2	2	1	2	1	9	4	4	7	11	23	2	2	4	3	4	18	37	7	7	2	1	0	1	0	1	0	0	1	0	2	0	2	1	3	1	0	1	1	1	0	1	2	0	2	0	0	1	0	5	1	0	1	0	0	0	0	0	0	0	1	3	5	0	2	2	5	5	2	2	4	2	8	2	5	2	10	11	5	4	9	6	8	5	5	7	15	10	1	4	2	4	3	6	4	3	2	6	4	1	1	1	0	2	2	0	1	1	0	3	0	1	7	4	0	1	0	1	1	2	6	5	3	2	3	2	2	4	2	3	2	0	0	1	0	0	1	0	8	2	5	1	1	1	0	0	1	3	1	0	0	1	0	1	0	2	0	0	1	0	2	0	1	1	1	0	0	3	1	0	1	1	2	0	2	1	0	0	1	0	1	2	0	0	0	0	0	0	0	2	1	1	4	15	25	3	1
C[C>G]C	25	17	2	4	5	3	6	2	6	6	5	17	7	35	1	1	7	3	0	5	4	8	4	7	8	1	24	19	1	0	0	0	0	0	1	0	5	6	11	14	11	15	16	14	0	3	1	2	2	2	6	2	2	1	29	22	36	27	0	1	6	14	13	2	13	2	6	0	2	4	7	7	9	10	9	2	2	8	0	11	4	7	9	1	5	2	1	2	1	3	4	9	4	10	17	28	3	5	5	3	6	27	66	10	2	2	2	1	0	2	0	0	0	0	0	1	1	0	0	2	2	3	0	2	2	0	1	3	2	1	2	1	1	3	0	1	0	1	0	1	0	0	1	0	0	1	8	2	1	1	0	0	1	1	2	6	0	2	3	4	4	11	7	2	4	4	3	2	5	13	12	9	4	2	4	5	7	7	0	1	9	3	0	6	3	1	7	2	6	1	1	0	2	0	4	1	1	5	2	0	1	1	0	1	1	9	6	0	2	3	1	1	3	6	2	2	1	0	0	0	3	2	0	6	3	1	0	2	0	0	1	2	1	2	2	2	1	2	0	0	1	0	0	1	0	2	0	2	0	0	2	1	1	0	2	3	0	1	1	1	0	1	0	0	0	2	0	1	0	1	1	0	0	0	1	1	1	2	29	33	1	1
C[C>G]G	44	35	6	4	1	3	0	1	3	1	0	4	0	23	0	0	3	1	0	0	0	1	4	0	0	1	7	3	0	0	0	0	0	0	0	0	1	1	2	4	0	0	1	3	1	2	3	5	0	0	4	0	0	0	10	10	13	8	0	0	4	3	3	0	3	3	1	0	3	0	0	3	3	1	0	1	0	0	0	1	0	3	6	0	3	1	0	0	0	0	1	0	3	5	3	4	0	0	5	0	0	22	28	1	1	1	0	0	0	0	1	0	0	0	0	1	0	0	0	1	0	0	0	0	0	0	0	0	1	0	0	1	0	0	0	0	0	0	0	0	0	0	0	0	0	5	0	3	5	0	1	3	4	0	0	0	0	1	0	0	0	1	4	4	1	3	3	1	0	3	0	2	0	0	1	1	1	0	0	1	3	0	0	0	2	0	0	0	0	0	0	0	0	0	0	0	0	0	0	0	0	0	0	2	0	7	0	0	1	0	3	1	1	3	1	1	1	0	2	0	0	0	0	1	3	0	0	0	0	0	0	0	0	0	0	0	0	0	0	0	0	0	0	0	1	0	0	0	0	0	0	0	0	1	0	0	0	1	0	1	0	2	0	1	0	0	0	0	0	1	1	0	0	0	0	0	1	0	11	9	2	0
C[C>G]T	24	35	8	5	8	5	0	12	7	2	9	17	13	36	3	1	11	10	2	8	2	6	11	5	10	13	25	22	0	0	2	0	0	1	0	0	13	13	19	21	18	21	17	13	6	6	2	7	5	1	6	3	4	4	29	20	44	30	3	0	20	18	8	3	11	8	3	5	5	4	4	16	10	14	11	7	6	6	5	14	9	14	21	0	5	3	2	0	7	6	9	6	10	12	24	26	5	2	6	10	7	41	56	12	9	2	2	0	0	0	2	0	0	0	2	2	2	0	6	1	1	3	1	2	0	2	1	1	1	3	3	0	1	0	3	1	0	4	0	0	0	0	0	1	0	3	6	4	5	2	2	1	2	1	6	5	1	3	0	7	3	16	11	5	6	3	4	5	3	17	10	17	10	3	6	9	10	8	8	7	5	2	4	7	2	2	9	0	1	1	3	3	3	2	3	1	0	4	6	2	0	1	2	3	3	8	4	3	2	4	7	5	5	3	6	4	2	0	4	1	2	1	4	1	5	2	2	0	1	1	0	2	2	3	1	2	3	2	0	0	0	1	0	1	1	0	0	2	1	0	2	3	1	2	3	5	1	0	2	3	0	0	1	0	0	2	1	2	1	1	0	0	0	1	2	2	2	0	41	35	3	3
G[C>G]A	19	14	5	5	10	8	0	6	6	2	2	17	3	23	0	3	9	3	5	0	2	6	3	5	3	5	20	8	0	2	0	0	0	2	0	2	4	18	8	21	16	12	10	14	3	4	4	1	0	2	9	2	3	5	38	28	66	38	6	3	11	6	11	5	11	11	3	3	3	2	6	5	12	11	8	6	3	6	2	3	3	6	14	6	3	7	2	2	2	3	0	6	8	12	8	25	2	0	3	8	9	30	46	2	6	2	8	0	0	2	0	0	0	0	0	0	5	3	2	1	3	2	0	2	0	0	0	2	0	3	2	0	0	0	0	2	0	2	0	2	0	0	2	0	0	5	6	2	6	0	2	3	5	2	5	0	0	9	3	0	6	6	9	9	9	3	3	6	6	9	6	10	11	6	6	6	6	3	2	12	6	5	5	3	2	3	2	0	2	3	0	0	2	0	2	0	2	8	3	0	2	0	2	2	3	12	6	0	3	3	3	3	6	3	8	0	5	0	0	0	0	2	2	2	5	5	2	0	0	0	2	0	3	3	2	2	0	0	0	0	2	2	0	2	0	0	0	0	0	0	2	0	5	0	0	0	3	2	2	2	0	2	0	2	0	2	3	2	2	0	2	0	0	0	3	3	2	5	20	25	2	2
G[C>G]C	14	10	3	1	1	1	3	1	3	3	3	12	5	13	0	2	3	2	2	2	0	5	5	2	2	7	11	7	0	0	0	2	1	0	1	0	6	9	6	13	14	15	14	15	4	2	1	1	0	1	0	5	2	1	31	25	37	30	5	2	6	11	5	5	2	5	5	3	1	2	6	6	10	5	6	2	3	3	2	11	10	7	6	1	3	5	1	0	2	1	3	2	4	10	10	18	1	1	4	7	7	16	34	1	6	1	9	0	1	1	1	0	0	1	0	0	0	3	0	2	0	1	0	1	1	1	1	0	0	1	0	0	0	0	2	1	2	1	0	0	1	0	0	1	3	5	3	0	3	2	1	3	6	2	4	2	2	1	0	2	2	10	7	5	4	0	1	2	3	7	8	18	5	3	5	9	11	1	7	0	2	0	0	6	1	0	4	1	0	0	1	1	0	0	2	1	1	1	4	1	0	2	0	4	1	6	1	1	2	2	4	5	5	3	1	3	3	1	0	0	0	0	5	2	0	1	0	1	0	2	1	0	1	1	4	0	1	0	1	0	0	0	0	3	0	0	0	0	1	1	0	1	0	1	1	4	0	0	0	0	1	0	0	0	2	0	3	0	0	0	0	0	0	0	2	0	1	1	20	23	3	3
G[C>G]G	16	10	1	0	0	0	0	3	1	1	1	5	2	26	0	0	0	3	0	1	0	1	3	3	3	0	1	4	0	1	2	2	1	1	0	2	5	8	3	6	5	1	5	6	2	2	1	4	0	1	4	0	0	3	3	6	19	7	4	1	7	5	1	3	5	6	3	1	0	7	6	6	1	6	1	2	1	1	1	3	1	6	9	0	7	3	0	4	2	2	8	4	4	7	7	11	0	5	4	1	3	4	8	3	0	0	1	0	0	0	0	0	0	0	0	0	0	2	0	0	0	0	0	1	1	0	0	1	0	0	0	0	0	0	1	0	0	0	0	0	0	0	1	0	0	5	2	0	2	0	0	0	0	2	1	0	0	0	3	0	1	1	1	0	0	1	0	0	1	1	4	1	0	2	0	3	0	1	0	1	3	1	0	0	0	0	0	0	0	0	0	0	0	0	0	0	0	3	1	0	0	0	0	2	0	1	0	0	0	0	0	0	0	0	0	0	1	0	0	0	0	0	0	0	3	0	0	0	0	0	0	0	0	0	0	0	0	0	1	0	0	0	0	0	0	0	0	0	0	0	0	0	1	0	0	0	0	0	0	0	0	2	0	1	0	0	0	0	0	0	0	0	0	1	2	0	2	3	7	8	2	0
G[C>G]T	18	18	3	4	6	2	0	1	9	6	4	13	6	20	1	0	4	2	4	4	2	4	3	6	1	6	11	4	0	0	0	1	0	1	0	1	6	10	9	11	26	17	24	35	1	5	4	3	3	2	4	1	0	0	23	25	31	9	2	1	7	13	2	3	9	8	6	0	1	2	5	7	5	5	8	4	0	5	6	21	15	10	7	1	2	3	3	1	2	1	6	4	8	3	15	16	4	4	3	3	8	14	37	3	2	2	2	1	0	0	1	0	0	0	0	0	0	2	1	1	0	4	1	1	0	1	2	5	0	0	0	0	1	0	2	1	1	1	0	2	1	0	0	0	1	3	5	2	10	4	1	1	1	2	3	1	1	2	1	4	0	7	6	5	9	3	4	1	3	13	10	6	7	6	3	13	4	5	2	6	6	3	2	5	0	2	2	1	1	1	3	2	1	1	3	1	2	0	5	0	1	0	0	0	1	5	2	3	2	1	1	0	3	2	4	2	1	1	0	0	2	1	6	2	4	3	1	0	1	0	1	1	0	4	2	2	0	0	2	0	0	1	0	1	0	0	0	1	0	1	0	1	2	0	0	3	3	0	0	2	0	1	1	0	1	0	1	0	0	0	0	1	0	0	3	1	0	3	24	28	5	1
T[C>G]A	24	25	5	5	5	5	4	4	7	6	6	16	12	36	3	11	9	5	2	10	3	18	9	7	6	6	11	9	0	0	1	1	0	3	1	0	10	20	6	11	9	16	13	5	5	7	2	1	4	1	6	3	5	2	33	18	47	42	4	3	10	7	8	4	7	10	5	2	2	5	3	10	8	8	8	6	2	5	2	4	6	20	16	2	1	0	2	3	3	1	13	8	11	8	18	33	2	3	15	8	2	24	49	8	7	1	5	1	0	0	2	0	0	1	0	0	2	1	1	2	1	2	3	2	1	0	4	4	1	1	1	1	2	4	2	3	0	1	2	1	1	0	0	0	1	2	5	3	4	2	1	6	5	4	6	3	2	5	0	9	21	7	13	5	7	8	3	6	7	8	12	10	7	1	7	7	10	5	7	1	8	3	4	8	4	1	10	1	2	0	0	2	1	1	3	2	3	9	12	1	4	0	2	1	3	6	9	2	3	2	1	2	2	2	2	2	5	0	4	0	1	0	2	2	1	4	0	0	2	0	0	1	0	3	2	1	0	1	0	1	0	0	1	4	2	4	1	1	0	1	1	2	1	1	0	3	0	0	1	0	0	1	1	1	1	0	2	0	1	0	1	0	0	2	1	1	0	4	21	32	4	5
T[C>G]C	23	16	0	4	1	3	6	5	4	5	5	12	7	37	1	1	5	4	1	0	0	4	4	1	7	5	14	15	0	1	0	0	1	2	0	1	7	5	10	5	15	10	19	5	5	2	3	2	2	4	6	4	3	2	31	22	32	24	5	6	10	6	2	5	2	2	2	0	3	4	1	8	7	4	6	2	4	9	2	8	5	6	8	2	1	3	0	1	0	3	8	3	3	12	12	14	4	4	8	10	1	14	40	4	3	0	1	0	0	0	1	0	2	0	0	1	1	0	1	0	0	0	1	0	0	2	0	0	2	0	0	0	0	3	3	0	2	0	0	0	0	0	0	0	1	3	2	1	1	3	1	1	2	3	3	1	2	2	3	0	4	10	6	1	2	5	6	5	6	4	4	11	9	1	2	10	6	5	6	8	5	3	4	5	2	0	3	3	1	1	0	1	1	0	0	1	2	3	3	0	0	0	1	5	2	5	2	1	4	2	0	1	1	2	1	1	3	0	2	0	1	1	4	2	1	1	0	0	0	2	0	0	0	0	0	0	1	1	0	0	0	0	1	1	0	0	0	0	1	2	2	3	3	2	1	4	1	1	2	0	0	0	2	0	1	0	2	0	0	1	0	1	1	0	1	1	2	2	18	10	3	1
T[C>G]G	22	9	1	1	0	0	0	0	1	0	0	3	0	19	1	1	1	4	1	0	0	1	0	2	1	1	2	2	0	1	0	0	0	0	0	0	0	3	1	0	2	1	1	3	1	5	0	1	1	2	3	0	0	0	10	5	5	7	1	0	1	0	1	0	1	0	1	1	0	1	4	0	0	0	4	1	0	0	2	1	1	1	4	0	5	3	0	0	0	1	0	1	4	4	0	5	0	1	0	0	2	9	20	3	0	1	1	0	1	0	0	0	0	1	1	0	0	1	0	0	0	0	0	0	0	0	0	2	0	0	1	0	0	1	1	1	0	1	0	0	0	0	0	0	0	3	1	0	1	0	2	0	1	1	0	0	1	1	0	2	0	1	5	4	0	2	1	1	1	3	1	0	2	3	4	1	0	1	1	4	1	1	0	0	0	0	0	0	0	0	0	3	0	0	0	0	1	1	1	0	0	0	0	0	0	6	0	0	0	0	0	1	0	0	0	0	3	0	0	0	0	1	1	0	0	1	0	0	1	0	0	0	0	0	1	0	0	0	0	0	0	0	0	0	0	2	0	1	0	0	1	0	1	1	0	0	1	1	0	0	0	0	0	0	0	0	0	3	0	0	0	0	0	0	0	0	0	0	12	9	0	0
T[C>G]T	50	56	13	11	14	13	4	8	13	13	9	32	16	53	9	4	19	11	8	9	10	25	22	10	19	19	42	29	0	0	2	1	4	1	2	2	16	16	22	27	24	30	19	15	10	11	5	6	6	5	17	17	5	8	55	46	80	50	4	7	19	15	21	7	15	22	10	6	5	17	12	22	15	11	25	13	9	14	7	17	13	33	29	8	10	3	3	3	5	8	32	39	24	25	25	42	13	3	11	13	9	63	112	13	17	5	8	1	2	5	3	0	0	1	3	7	2	0	4	4	1	4	1	1	6	2	4	3	2	6	3	3	3	1	4	2	1	3	2	1	0	1	1	0	1	19	10	6	8	5	4	10	3	8	14	5	5	8	7	9	28	15	25	8	5	16	7	9	12	27	21	28	14	8	7	15	15	9	8	15	15	12	5	10	5	5	15	6	3	2	4	0	0	1	2	2	3	7	19	3	3	3	5	11	2	16	8	2	5	4	4	7	9	8	4	1	6	1	2	0	5	0	10	4	9	4	1	1	1	2	3	3	4	4	2	6	3	1	0	1	8	4	1	6	3	1	0	2	4	2	2	0	5	0	3	10	1	3	2	1	0	0	4	4	7	2	4	4	1	2	5	0	0	0	2	5	3	11	54	40	9	4
A[C>T]A	104	79	24	18	35	36	19	39	33	29	21	34	20	112	10	10	54	38	13	19	23	51	53	16	29	41	61	50	2	3	0	3	9	6	3	4	19	43	41	37	39	41	34	37	36	29	16	22	12	16	33	19	11	14	84	60	74	57	22	11	39	46	24	27	23	38	43	20	18	29	37	40	42	22	15	13	12	25	20	28	20	44	46	16	39	27	10	14	19	17	23	19	28	35	35	78	17	12	23	25	21	117	232	41	24	12	13	6	3	7	9	4	3	6	9	6	5	3	7	10	8	11	7	5	2	4	13	7	11	7	5	5	3	7	6	5	5	6	1	4	2	4	6	6	3	12	31	28	24	17	14	20	19	10	35	16	11	23	15	24	19	26	28	56	46	28	15	14	28	43	64	41	41	17	25	33	33	15	33	44	34	29	24	29	17	7	25	5	3	4	2	2	0	2	5	7	13	15	29	3	7	10	4	11	3	21	13	3	10	14	2	8	17	15	14	10	15	4	5	3	7	4	9	11	14	13	3	3	7	3	5	6	3	4	6	9	1	3	2	3	7	8	0	15	5	4	0	0	3	5	3	5	7	7	5	5	9	6	4	14	3	3	8	5	6	4	13	3	5	5	2	0	3	2	24	14	17	18	143	134	12	7
A[C>T]C	490	521	22	13	19	37	15	10	23	17	19	26	23	833	9	5	26	13	16	16	16	23	31	19	16	17	33	34	0	1	2	0	3	0	0	2	12	19	15	26	20	21	18	13	12	13	13	9	8	7	13	12	2	5	57	33	35	32	4	52	25	23	12	14	12	19	21	8	4	12	15	20	25	6	9	9	6	12	9	13	16	25	24	18	12	9	7	6	9	7	19	12	21	15	22	46	15	6	126	16	14	73	129	25	15	3	5	2	3	2	5	0	3	5	3	4	4	2	3	4	0	5	2	4	2	2	1	5	2	1	6	1	0	7	7	3	2	4	3	0	2	1	0	5	2	13	13	7	13	8	1	9	13	5	23	8	7	21	8	13	9	15	16	18	17	123	122	7	18	31	34	21	24	11	16	21	14	5	10	18	17	18	15	20	11	9	17	3	2	0	4	1	1	1	1	4	4	13	16	1	4	7	4	1	2	5	5	4	7	3	5	1	13	6	6	3	8	4	1	2	1	0	8	7	11	4	0	2	1	3	0	3	2	3	2	4	2	1	2	2	0	3	3	9	3	1	1	1	3	2	0	3	7	4	1	6	3	6	2	2	0	0	4	3	4	2	4	2	0	5	2	3	1	1	6	3	5	10	86	89	3	5
A[C>T]G	66	68	25	23	204	207	46	66	55	54	38	42	52	94	21	19	49	57	38	50	84	274	240	40	123	131	49	41	2	2	5	1	4	5	6	6	29	77	48	49	37	47	50	60	31	28	22	39	71	80	175	138	8	11	54	38	29	27	26	10	58	45	31	63	60	77	85	27	27	65	63	75	62	24	37	10	16	27	21	25	28	51	41	14	35	36	17	14	83	64	57	46	63	65	32	49	29	31	31	39	29	220	398	223	244	11	9	24	16	45	60	5	5	11	4	12	8	9	11	12	4	13	6	4	4	13	12	12	18	14	9	12	15	12	5	10	10	18	9	6	7	7	9	11	9	56	83	27	28	32	19	36	38	48	231	15	10	30	14	38	34	61	31	31	61	48	36	32	38	85	93	73	62	51	81	38	40	22	66	66	44	53	19	51	34	15	44	7	4	4	4	5	4	5	8	46	90	12	16	6	18	41	36	10	9	15	16	11	8	2	4	2	21	26	35	28	21	11	5	1	13	18	31	37	20	24	6	0	20	6	10	10	9	7	5	7	8	6	19	14	14	11	12	23	30	29	4	0	10	2	7	13	13	13	7	7	21	23	30	14	1	13	14	6	26	21	20	15	4	5	25	10	5	6	22	14	14	32	287	306	7	6
A[C>T]T	285	296	22	22	28	35	21	25	28	18	15	23	11	400	3	5	36	22	8	14	10	36	35	18	17	22	48	42	1	1	0	1	3	3	3	1	10	23	20	21	14	21	17	20	13	14	14	9	12	7	27	14	4	11	63	47	38	48	7	25	29	23	30	11	25	23	35	9	16	21	28	28	34	9	15	3	6	5	6	17	18	31	38	8	10	13	9	7	10	10	13	15	20	23	38	52	15	10	51	8	10	59	153	29	25	1	10	2	1	1	8	3	1	4	1	3	2	1	1	1	5	2	1	2	2	1	3	5	3	5	7	3	8	5	6	5	2	6	0	0	1	3	2	4	1	16	25	7	9	3	9	16	9	9	28	12	10	20	5	13	17	15	9	18	31	54	50	8	12	42	38	29	33	17	20	21	14	8	18	28	27	23	20	13	7	2	27	8	2	3	3	3	5	1	4	4	4	15	17	5	2	6	4	5	3	12	11	7	4	5	5	2	18	11	10	10	6	2	2	2	1	2	14	9	8	9	0	2	2	2	2	2	1	1	1	2	2	1	2	2	3	0	3	10	1	5	2	1	4	0	2	0	6	2	5	7	7	11	4	6	3	0	5	1	3	6	8	5	1	2	5	3	2	1	8	7	4	7	88	93	4	1
C[C>T]A	1338	1328	60	32	25	32	7	21	17	17	14	39	14	2086	4	6	17	12	15	18	6	34	33	16	24	24	51	54	0	2	1	1	6	4	2	3	12	20	22	28	31	25	27	28	15	14	15	10	8	11	20	12	7	6	96	78	78	72	7	125	24	23	20	21	21	23	20	9	7	24	19	31	24	12	19	7	10	12	11	15	14	63	61	13	9	10	3	4	9	12	23	19	28	39	45	63	5	13	258	10	12	94	183	17	23	5	8	2	3	2	1	1	0	2	3	1	3	3	7	3	2	0	4	1	3	1	9	7	4	10	3	2	4	6	5	4	1	8	2	1	0	2	4	2	2	13	21	8	6	12	7	6	8	3	19	7	9	14	8	18	11	26	29	16	9	272	220	14	28	42	29	41	25	12	26	20	13	12	15	21	17	15	11	23	7	3	17	1	4	4	5	3	1	2	4	6	10	17	23	7	10	4	2	5	3	15	10	10	3	3	13	10	16	6	11	14	13	4	0	1	3	3	7	11	10	5	1	1	6	0	2	2	5	2	2	8	2	2	1	2	5	4	1	10	4	1	1	5	2	8	2	6	4	3	2	8	8	5	8	2	0	1	4	2	7	7	3	8	2	4	3	2	1	2	2	3	7	8	76	82	9	11
C[C>T]C	2006	2043	85	57	24	52	11	14	14	11	20	38	16	3213	4	6	13	12	19	22	16	40	39	19	19	23	57	41	1	1	1	0	2	0	2	2	18	25	18	26	21	19	17	18	4	12	11	6	7	16	21	12	3	10	79	71	58	50	7	166	22	24	16	11	19	28	23	11	7	19	17	24	20	9	16	6	5	18	11	12	10	71	62	8	8	9	5	5	11	9	18	23	18	21	44	68	12	9	383	17	13	75	149	20	28	5	6	3	2	6	4	1	3	0	0	1	2	1	6	7	0	2	2	2	2	5	5	9	1	7	1	2	1	4	2	2	6	7	0	5	3	1	3	5	2	16	18	2	5	7	6	15	8	8	26	7	5	14	7	18	7	21	25	14	12	441	348	14	15	35	34	30	12	10	16	11	15	15	16	20	16	10	11	10	8	5	18	6	2	2	4	0	0	2	5	3	9	26	29	0	8	3	5	2	3	10	12	5	6	3	6	4	9	9	2	8	8	5	2	2	0	1	11	10	9	5	2	1	1	2	1	1	3	1	1	1	2	2	2	2	6	1	7	2	3	2	1	0	3	2	1	3	2	4	6	8	5	2	6	4	0	6	5	2	8	5	3	3	0	0	4	0	0	0	2	3	7	9	89	94	14	3
C[C>T]G	360	295	16	20	112	87	23	27	30	26	22	27	31	611	10	1	39	28	30	39	33	193	147	25	69	82	38	33	0	1	1	4	1	3	3	4	14	47	22	27	17	33	21	41	21	33	18	14	40	40	89	72	7	8	44	34	29	18	8	48	25	26	17	23	34	32	31	21	8	45	30	50	53	12	25	5	16	9	11	17	8	37	46	16	24	15	7	10	48	41	27	26	28	42	21	31	18	13	87	18	18	202	339	116	127	10	4	12	7	17	24	4	3	1	1	7	7	4	3	6	8	4	5	3	5	1	8	10	11	8	5	1	7	11	0	0	3	11	4	5	1	4	6	6	7	56	50	17	18	11	16	17	17	27	95	12	11	35	12	19	12	26	21	24	23	101	101	14	25	60	64	43	21	39	51	22	17	11	33	29	41	18	24	22	16	3	48	7	3	0	2	2	0	2	9	28	27	10	14	5	10	21	18	9	10	9	4	3	10	6	3	7	24	22	19	18	12	0	6	3	11	8	19	24	19	11	0	0	4	7	1	4	6	3	3	4	2	5	8	11	4	3	4	20	17	8	3	1	1	6	3	3	6	4	1	5	12	7	10	7	3	5	12	0	7	1	13	10	7	3	12	8	5	1	9	16	10	20	219	248	3	6
C[C>T]T	1655	1618	82	56	38	54	23	28	25	26	30	37	29	2494	3	7	25	30	20	18	17	69	47	21	24	28	89	59	2	3	0	2	1	2	3	2	18	51	26	38	26	31	26	37	15	7	19	12	7	12	25	15	6	12	119	97	115	78	19	147	30	32	32	23	36	28	40	16	13	38	45	42	40	7	22	12	14	9	9	14	19	77	99	9	16	14	9	6	10	18	37	28	26	39	64	91	11	19	339	7	25	93	215	19	46	3	8	3	0	3	2	2	2	4	1	5	2	3	6	4	4	4	5	5	2	7	7	11	10	4	5	1	1	10	10	7	8	11	0	5	3	3	2	5	3	18	20	15	15	10	7	6	15	5	29	11	5	17	12	30	15	28	33	29	30	341	341	13	17	50	43	41	40	15	30	22	17	14	36	39	24	24	18	30	11	5	29	7	8	6	2	5	4	3	8	6	10	35	40	8	13	5	11	1	5	25	13	7	3	11	8	8	10	20	12	20	10	13	1	2	2	5	15	17	12	5	3	1	4	1	6	2	5	3	4	5	5	5	2	1	11	7	2	9	6	1	1	0	6	3	2	4	7	4	6	8	14	9	5	5	2	0	1	3	6	15	19	10	3	1	3	2	2	0	2	7	11	14	94	99	7	12
G[C>T]A	95	88	19	27	41	33	11	24	36	24	26	44	30	67	3	12	42	34	29	20	23	49	60	28	25	29	80	87	8	6	5	13	19	14	40	36	28	41	38	53	71	64	48	60	14	25	18	10	12	11	33	44	11	5	113	82	107	55	17	9	39	66	20	31	43	28	39	17	12	28	31	47	39	22	17	19	16	21	8	31	26	41	39	11	19	25	11	15	21	16	38	41	32	31	61	79	16	27	24	38	31	111	264	38	46	11	12	2	14	13	20	9	3	8	5	22	12	16	20	9	17	13	12	9	6	8	8	11	6	8	11	15	9	9	25	11	8	14	2	5	3	9	11	6	8	14	24	9	23	14	15	14	8	17	37	8	14	20	18	29	16	44	70	35	18	25	19	16	16	46	37	52	37	22	31	23	25	33	28	28	39	34	19	36	21	10	32	19	21	27	13	16	6	10	27	11	35	22	29	9	14	17	13	22	5	15	12	25	14	9	6	8	30	22	19	27	27	17	14	3	8	21	22	16	24	17	9	8	20	9	8	11	19	25	17	16	21	19	6	8	13	14	13	24	22	11	6	2	5	6	0	14	20	6	8	18	22	25	28	22	0	6	27	11	16	13	17	27	6	11	15	17	14	9	9	8	20	31	94	101	16	17
G[C>T]C	384	359	22	23	16	28	10	9	18	14	15	30	22	555	1	1	20	10	20	23	11	44	45	17	19	16	43	29	0	1	0	0	1	1	4	2	13	22	20	29	21	24	34	26	7	6	6	5	8	10	31	9	6	6	41	41	51	41	10	48	28	22	19	15	16	13	19	6	3	14	15	23	23	7	12	9	7	15	8	21	10	39	27	5	5	1	7	4	6	10	28	18	15	26	24	37	8	8	83	10	6	72	164	32	18	11	2	2	0	7	10	0	3	1	2	5	3	8	2	2	1	3	4	1	1	3	4	3	3	2	3	0	3	3	0	7	1	11	1	3	0	1	1	5	3	10	17	2	6	8	6	6	6	9	26	8	6	11	7	17	5	18	19	14	13	117	77	6	15	25	35	27	19	10	15	9	18	4	17	18	18	9	8	9	7	0	22	1	2	4	6	3	0	0	5	12	14	6	11	7	7	1	3	2	1	10	7	2	3	3	4	6	9	13	9	9	8	2	1	0	3	4	8	9	10	2	1	0	5	4	2	2	1	1	1	3	1	5	1	0	6	4	6	9	3	2	1	0	1	3	0	0	6	7	3	3	5	8	5	2	1	2	8	1	5	3	2	9	2	1	8	2	1	0	2	2	3	8	86	101	13	6
G[C>T]G	66	58	18	16	143	129	30	28	29	27	18	34	38	81	14	18	53	20	21	48	52	208	178	28	69	93	26	39	3	3	0	3	4	3	3	3	25	55	32	31	18	37	30	26	17	22	23	23	43	40	118	76	4	10	33	26	19	15	10	11	34	30	19	27	41	43	49	16	13	51	40	56	49	10	26	8	11	14	20	17	23	43	37	11	25	15	18	4	54	35	28	37	39	48	21	35	21	15	28	21	12	153	321	151	165	6	3	7	14	17	24	0	1	3	3	1	6	3	6	7	6	8	4	7	4	8	11	9	15	18	5	7	7	13	4	6	5	9	6	0	3	9	6	2	6	58	73	10	19	13	18	22	27	42	130	9	8	28	11	19	23	21	19	21	26	42	27	16	18	69	60	63	38	39	78	12	29	16	40	37	32	17	15	26	15	6	49	4	3	3	3	4	0	4	0	36	39	3	7	8	10	30	39	6	3	10	6	7	7	6	3	4	14	15	11	17	21	12	3	2	6	7	15	28	19	13	0	1	14	4	7	1	5	9	5	2	6	2	15	13	14	2	7	30	27	11	1	3	6	10	6	19	16	1	8	3	14	9	9	9	2	3	13	3	6	14	14	8	7	3	14	3	4	0	10	5	12	14	219	237	6	6
G[C>T]T	256	226	31	23	27	28	13	10	13	21	18	36	17	332	3	5	24	11	10	28	8	36	34	18	25	15	50	37	0	0	0	1	2	2	4	0	9	35	27	35	23	36	37	30	3	5	5	8	14	12	19	11	6	13	80	59	43	32	13	28	19	12	7	22	20	27	24	13	3	18	20	22	19	14	20	8	7	10	7	10	7	41	43	12	5	5	5	11	7	13	16	18	11	15	37	61	6	5	53	7	6	66	148	19	43	9	5	1	3	10	4	4	4	0	1	1	7	4	3	5	1	2	5	3	0	5	3	4	2	8	3	6	0	2	3	3	3	9	6	2	5	1	2	3	4	19	20	6	9	7	5	11	15	12	28	6	8	17	7	12	9	21	18	11	12	63	52	13	15	37	33	30	23	6	17	18	27	8	24	31	19	12	16	17	10	8	20	4	2	5	1	1	3	0	7	6	9	15	22	5	7	4	2	4	2	11	7	4	5	7	8	3	7	14	9	11	4	4	1	1	4	3	12	12	13	11	1	2	10	6	4	6	3	1	3	2	4	0	1	1	13	4	2	14	5	7	2	2	3	4	0	1	8	3	5	3	10	9	6	5	1	1	5	3	6	9	4	3	2	6	2	2	0	1	5	2	1	9	74	91	10	4
T[C>T]A	1867	1748	79	65	19	44	9	16	15	18	13	44	11	2736	6	10	19	21	12	11	21	40	39	13	20	18	56	50	2	3	1	3	0	1	1	0	15	22	27	30	26	25	18	29	14	12	9	10	9	8	20	14	5	7	87	73	76	71	7	131	22	17	13	15	17	17	22	13	8	14	15	35	30	10	20	6	15	8	12	17	18	39	34	7	11	4	8	6	10	8	24	24	26	33	58	88	10	10	291	14	14	86	146	27	28	7	12	4	6	5	7	3	0	3	3	3	4	4	3	4	7	2	4	0	0	4	5	6	6	6	3	4	1	4	6	1	2	4	2	3	1	1	0	1	1	18	26	9	9	8	4	10	13	7	27	6	5	13	9	13	30	23	23	14	14	347	270	17	18	40	30	26	26	9	14	17	12	2	16	20	17	9	11	12	3	4	17	5	3	3	4	5	3	0	3	5	5	11	33	4	4	6	5	8	4	9	12	5	2	9	6	6	9	3	10	13	10	4	1	0	3	4	10	8	5	3	0	2	5	2	1	6	5	1	5	8	3	2	3	0	7	2	4	6	3	1	0	2	4	1	1	5	11	3	3	4	4	2	5	3	0	1	3	1	6	2	5	5	1	4	4	2	3	1	6	8	3	9	92	94	10	9
T[C>T]C	4481	4564	185	113	26	76	13	19	14	10	26	42	27	6348	5	5	15	15	14	19	13	43	29	17	22	42	55	45	1	1	0	2	4	4	1	1	13	27	28	28	33	33	37	25	9	12	8	16	11	16	27	15	6	8	53	42	74	59	16	330	36	31	17	16	21	29	28	13	6	23	24	40	27	13	16	8	11	12	7	18	11	39	52	4	11	8	5	3	12	17	29	28	18	32	52	59	8	11	745	12	16	78	174	32	41	1	6	2	4	3	1	1	1	4	3	7	4	7	4	2	6	2	5	1	2	3	3	6	3	5	0	2	5	2	7	3	2	3	1	0	0	5	4	6	1	12	23	3	2	7	6	6	16	11	26	9	10	12	9	21	16	27	26	17	17	758	627	20	20	41	38	31	26	9	29	19	11	13	29	26	21	10	10	22	8	2	24	4	1	3	2	4	1	0	5	6	12	10	26	3	8	1	3	5	5	9	5	9	4	7	4	1	15	10	8	5	6	2	4	2	6	1	4	7	6	5	0	0	9	5	0	6	1	2	4	3	1	2	4	5	4	3	2	5	2	1	4	1	3	2	2	3	8	2	3	9	3	11	6	4	1	1	3	0	5	4	7	2	2	1	5	3	2	1	12	1	7	7	95	101	9	3
T[C>T]G	965	929	38	22	71	79	11	23	24	14	16	15	20	1260	10	4	28	16	14	20	34	119	131	7	42	56	30	29	0	4	1	5	4	1	0	6	9	31	21	21	13	18	20	17	22	17	17	14	30	36	75	49	2	4	15	11	10	13	9	60	14	20	17	14	24	26	24	9	12	23	28	32	28	16	17	2	5	8	13	15	16	20	29	8	16	8	5	10	38	24	18	33	27	19	10	23	11	6	123	17	17	115	225	80	97	5	1	6	11	14	20	2	4	4	4	4	2	4	5	3	5	1	1	6	5	2	7	4	5	6	4	7	7	7	5	1	0	8	1	5	1	2	4	4	1	30	46	13	12	5	15	14	14	19	86	9	1	19	12	15	5	16	13	21	34	128	117	26	6	45	42	31	23	18	39	11	9	11	24	27	20	12	7	13	12	13	27	1	4	7	5	1	1	1	5	28	23	11	7	1	13	17	13	4	8	4	6	4	6	4	2	4	9	11	16	11	8	3	1	3	5	4	11	18	12	15	0	2	14	2	4	1	1	5	0	0	3	0	11	10	6	5	5	15	9	11	0	3	6	1	6	5	4	5	1	4	12	11	6	5	1	5	7	5	10	5	9	11	1	2	8	2	2	2	3	8	8	4	172	191	12	4
T[C>T]T	2061	1919	102	51	28	57	13	21	17	8	22	26	19	3158	1	3	15	21	18	31	15	41	37	22	16	20	54	45	1	1	3	1	2	2	1	2	17	28	24	18	17	29	21	30	13	13	9	14	15	12	30	16	5	13	99	74	95	57	10	175	17	15	19	20	16	30	21	9	7	23	26	28	31	10	20	6	8	8	8	7	16	48	56	8	14	2	1	2	8	21	46	36	23	28	60	70	11	6	411	14	19	71	179	25	29	12	5	4	3	7	6	2	2	5	3	6	5	3	4	7	1	5	5	0	0	2	2	4	5	7	7	1	1	3	5	3	2	6	1	2	2	2	0	2	2	19	13	10	7	5	7	8	9	13	28	8	10	23	10	15	25	13	27	20	16	456	398	18	19	43	32	36	25	6	19	11	14	14	15	22	21	18	9	16	9	3	21	4	1	2	2	2	2	4	1	4	8	17	22	1	2	5	9	9	5	14	5	4	3	7	4	3	9	16	14	9	14	3	2	0	2	2	7	7	9	3	1	0	3	5	2	2	3	2	2	4	3	1	0	2	7	2	4	7	3	2	0	3	3	0	2	0	4	4	3	8	9	3	0	1	1	0	3	0	7	5	8	6	2	1	2	1	2	1	4	3	5	5	68	74	9	5
A[T>A]A	154	116	12	10	8	11	5	10	9	5	10	30	10	194	2	3	15	15	8	11	6	11	16	8	8	8	35	22	0	0	0	0	0	1	1	0	7	26	15	10	14	13	13	12	5	6	8	6	5	5	8	13	3	6	51	52	48	27	4	11	21	11	8	9	13	13	10	8	7	10	15	14	16	8	11	1	2	5	5	5	5	22	22	2	3	3	4	2	4	5	24	27	22	13	18	27	5	6	21	5	6	26	56	8	4	3	4	0	0	4	4	1	1	1	1	0	0	0	0	3	0	1	1	2	2	2	4	7	1	4	4	0	0	5	2	1	0	4	0	3	0	1	3	0	0	4	12	7	5	3	4	1	2	6	12	6	4	8	1	6	8	15	25	9	11	24	19	5	7	26	32	24	17	7	15	5	7	9	10	14	10	8	5	6	4	1	6	1	0	1	1	0	1	0	4	8	13	7	6	2	4	3	1	2	4	4	5	7	3	3	5	3	11	12	7	8	4	3	3	0	3	0	12	7	5	4	0	1	0	0	1	0	0	0	0	1	5	3	0	0	1	2	0	1	1	1	1	0	0	2	0	1	2	3	2	3	0	1	3	3	0	1	2	1	2	4	2	2	0	2	0	1	0	0	1	4	3	2	22	29	5	5
A[T>A]C	30	31	5	3	7	10	2	4	4	5	9	12	10	46	1	6	11	3	4	11	5	13	10	11	7	7	18	12	0	0	0	1	2	0	2	0	6	15	16	11	8	9	7	3	3	1	3	4	3	4	11	7	6	8	24	16	18	15	4	2	7	7	8	12	9	14	11	4	4	8	10	14	18	1	2	3	2	3	3	3	3	10	14	4	2	2	4	0	2	5	11	8	6	12	10	16	4	3	3	4	5	20	49	8	9	3	0	0	0	3	2	1	1	2	0	0	1	1	0	1	2	2	3	3	0	0	0	1	2	2	0	0	3	3	3	1	3	3	0	1	0	0	2	0	1	1	6	3	0	1	3	6	3	9	7	0	1	4	5	4	3	12	6	5	5	10	5	8	5	13	16	14	6	4	9	3	4	4	9	14	7	1	3	11	2	1	5	2	0	1	0	2	1	0	2	5	7	2	3	4	2	2	0	2	4	3	2	2	2	2	2	1	5	7	8	1	1	1	0	0	1	0	8	3	1	2	1	0	1	1	2	1	1	1	1	1	2	0	0	2	0	1	1	2	1	3	2	1	2	1	0	2	1	0	1	5	2	4	0	0	0	0	0	3	2	0	3	1	2	3	1	1	3	0	2	1	2	4	20	26	2	1
A[T>A]G	108	77	16	10	8	8	6	14	7	12	12	32	7	86	1	6	18	21	6	5	8	16	15	17	9	14	36	32	0	0	1	0	2	0	0	1	8	16	14	18	14	14	20	15	11	14	6	11	4	3	6	4	5	5	63	44	66	39	10	3	17	16	19	9	12	22	13	10	8	17	13	18	10	2	15	2	1	4	0	10	12	24	10	5	13	9	10	5	4	5	10	11	13	21	30	30	7	10	14	5	6	43	69	13	12	1	6	0	1	1	2	2	1	0	0	2	3	1	1	0	1	2	1	2	1	1	4	1	0	1	3	3	0	2	1	2	1	3	2	2	2	2	0	1	1	4	7	5	9	2	8	6	8	9	7	6	3	17	5	9	11	13	21	20	13	5	9	7	15	18	22	17	16	7	14	6	5	1	8	10	11	7	7	10	6	6	7	1	3	1	0	0	1	1	2	2	2	6	2	1	1	1	4	6	1	10	10	2	1	4	3	6	5	7	7	5	4	1	3	0	1	3	8	7	7	2	0	0	1	0	2	3	1	2	1	0	4	0	1	0	1	1	1	5	1	0	1	1	2	2	0	1	2	1	3	0	2	2	1	2	0	0	4	1	2	0	2	1	0	2	1	0	1	0	2	7	5	9	36	44	1	3
A[T>A]T	291	254	23	15	22	20	2	8	6	3	6	20	5	362	3	2	9	8	4	12	8	23	28	7	13	10	13	27	2	2	0	0	0	2	0	1	4	17	11	10	8	11	7	10	9	6	2	4	5	7	11	12	4	8	39	23	25	17	1	14	8	15	7	10	16	16	14	5	2	8	7	16	16	3	6	2	3	3	6	7	5	10	19	2	7	4	2	0	6	10	18	16	11	17	17	25	5	3	26	4	6	31	65	16	12	2	7	1	1	2	4	1	2	4	2	2	2	2	1	2	2	2	1	0	1	0	8	8	1	1	1	1	1	3	2	1	2	9	1	3	1	1	1	1	3	8	9	2	3	5	4	5	1	5	11	5	3	6	4	8	2	8	8	8	13	28	33	9	4	33	34	20	16	9	11	5	7	2	16	20	10	8	9	13	5	2	6	2	4	0	0	3	0	1	1	7	8	4	7	6	8	3	4	4	2	6	6	5	2	5	1	4	10	10	8	7	5	2	1	0	2	2	11	5	4	3	1	1	3	0	0	1	0	3	0	1	0	1	2	0	2	2	1	3	1	0	1	1	2	2	6	3	7	2	1	3	4	6	2	1	0	0	0	0	2	3	4	1	1	4	1	1	2	1	2	2	4	2	30	32	3	3
C[T>A]A	56	42	4	7	5	6	6	5	2	5	2	12	1	52	2	1	6	8	0	4	3	8	8	9	6	10	30	17	0	2	0	0	0	0	1	0	4	8	8	7	6	7	7	8	1	4	2	1	2	2	2	5	1	2	68	32	58	34	1	4	6	4	3	2	7	3	8	4	3	6	7	7	6	1	4	1	3	0	4	2	2	23	19	0	3	3	2	1	0	1	7	7	6	11	13	21	5	4	7	1	2	14	23	5	5	2	1	1	0	2	1	0	0	0	2	0	2	0	1	1	1	1	2	0	0	1	0	0	0	0	1	1	0	0	0	1	2	3	1	0	0	0	0	2	0	1	4	1	3	1	1	2	0	3	5	3	4	5	4	2	2	8	7	6	7	5	5	8	6	10	16	9	6	4	8	6	4	3	3	6	4	2	3	6	3	0	1	0	1	0	1	1	0	0	3	1	1	6	9	1	2	1	0	3	1	7	4	1	2	1	4	1	4	3	5	7	0	1	1	0	3	0	8	7	0	1	2	1	2	0	0	3	1	1	0	1	0	0	2	0	2	0	0	1	0	0	0	0	0	0	0	1	0	2	3	4	0	3	2	0	0	0	0	0	2	5	3	1	0	1	2	1	0	0	2	1	5	1	13	13	7	3
C[T>A]C	43	33	8	3	3	4	2	9	3	2	9	10	4	35	0	1	11	7	4	3	3	5	3	9	2	12	16	22	0	0	0	0	0	0	1	1	8	8	5	10	3	5	8	2	4	5	0	4	0	1	5	3	2	0	47	38	38	26	1	8	8	7	4	2	4	9	7	7	7	7	5	3	8	2	4	2	1	3	2	4	3	18	9	3	2	5	1	1	3	4	10	8	2	7	17	18	5	4	5	5	3	13	36	5	3	4	4	1	0	0	2	2	1	1	1	2	2	2	0	1	0	2	1	2	1	1	4	1	0	1	2	1	0	2	6	2	1	0	1	0	0	0	1	2	1	0	3	2	2	4	0	1	2	3	5	1	2	11	3	6	4	4	8	9	12	3	6	6	6	19	16	1	6	3	3	5	3	1	6	8	3	5	3	3	3	2	5	0	2	1	1	1	1	0	1	0	1	3	4	2	3	1	0	3	0	7	4	4	0	2	5	3	6	1	4	5	3	1	0	1	2	1	2	5	1	2	0	1	1	0	1	3	1	1	2	1	0	1	0	0	0	1	0	5	0	1	1	0	0	0	0	1	3	0	0	1	2	1	0	1	0	1	0	1	1	0	0	2	1	1	1	1	0	0	2	2	5	4	24	22	4	1
C[T>A]G	44	38	15	14	4	7	3	7	3	7	12	20	16	47	3	1	18	12	2	9	4	14	6	8	10	7	48	32	0	0	0	0	0	2	0	0	6	12	8	12	10	12	12	2	6	12	5	10	3	2	7	4	3	3	108	112	90	73	7	7	14	14	12	7	13	12	17	10	5	18	7	9	11	9	3	4	2	7	6	6	8	14	25	6	3	7	2	1	2	8	14	16	12	15	21	53	6	2	3	6	7	25	53	13	2	1	3	0	1	0	0	0	1	1	1	1	2	0	1	2	0	1	1	1	2	3	3	6	1	5	1	4	2	2	3	2	1	3	1	1	1	2	0	2	0	5	6	7	8	3	3	1	9	2	6	2	2	11	5	6	4	12	11	16	18	8	7	0	4	18	17	16	13	6	8	2	7	5	6	11	3	7	7	13	3	1	6	2	0	1	1	0	1	2	1	2	4	7	11	1	3	0	1	2	3	18	9	1	3	1	8	6	4	9	6	2	8	6	1	1	1	2	3	8	0	4	0	0	2	0	2	1	0	1	1	2	2	0	0	0	1	0	0	0	2	0	1	3	2	0	1	0	8	3	3	2	0	1	0	1	0	0	1	2	2	2	2	2	0	1	1	0	0	0	0	2	7	3	16	18	1	6
C[T>A]T	65	60	6	7	11	11	5	5	10	1	6	15	5	97	3	2	15	11	5	7	6	11	9	7	13	16	31	21	0	0	0	2	1	1	1	0	2	23	9	6	4	8	6	13	3	8	8	4	1	3	6	11	0	1	42	32	40	30	3	3	7	8	10	8	12	15	12	5	3	12	11	18	13	4	3	1	3	2	3	7	3	11	15	3	6	3	2	1	3	6	8	10	11	16	14	19	4	4	9	7	5	15	34	8	10	2	0	1	0	3	1	1	1	1	1	1	1	1	1	2	0	3	1	1	0	1	2	2	3	2	1	3	1	6	2	0	1	1	1	0	0	0	1	2	0	6	7	5	4	3	2	5	3	7	14	5	2	8	2	4	4	7	7	13	9	10	14	9	6	24	25	11	14	6	12	3	5	3	10	14	4	1	6	5	2	3	4	0	2	1	0	1	0	2	5	2	1	9	9	2	0	1	1	2	2	10	4	3	5	3	0	3	10	9	3	5	3	3	0	1	1	2	7	6	4	3	0	2	1	2	1	0	3	0	3	0	1	0	0	1	1	0	1	5	1	4	1	1	5	2	2	3	4	3	4	0	2	3	0	3	0	0	0	2	3	1	4	4	1	1	1	1	0	0	5	2	3	8	15	16	4	0
G[T>A]A	38	36	10	5	2	3	3	3	6	5	12	14	12	48	0	2	7	4	1	3	3	6	2	3	3	3	18	12	0	0	0	1	2	0	1	0	0	7	2	8	6	6	6	4	4	4	2	4	1	2	4	1	2	2	31	28	45	28	1	5	4	4	6	6	6	6	3	1	2	7	3	10	4	4	4	3	2	0	2	3	4	13	13	0	0	2	2	1	1	4	4	3	9	8	12	15	3	0	4	3	1	12	21	5	2	0	5	0	1	1	0	1	0	0	0	1	1	0	1	0	1	0	0	2	1	0	0	3	0	0	1	1	0	0	0	0	1	2	0	0	0	0	0	0	0	1	2	4	3	4	1	3	2	2	3	5	0	5	1	2	2	4	4	4	2	7	8	2	0	14	12	8	5	1	9	3	2	1	2	6	2	6	6	9	3	4	5	1	0	0	1	0	0	0	0	1	1	7	3	1	2	1	0	2	2	6	5	0	0	2	2	3	3	5	3	5	3	2	3	2	2	4	3	2	0	0	0	0	0	1	1	0	0	1	0	1	0	1	0	0	1	0	0	0	2	0	0	0	0	2	0	0	0	0	0	0	1	1	0	0	1	0	1	2	1	2	3	2	1	0	1	0	0	0	0	1	2	2	9	6	1	1
G[T>A]C	18	12	4	2	1	4	1	5	3	4	4	6	5	27	0	0	3	3	1	4	1	3	1	3	2	2	11	8	1	0	0	0	1	1	0	1	2	4	4	4	1	6	1	6	5	4	2	0	0	4	1	0	3	1	27	26	9	15	2	3	5	5	10	6	2	3	6	1	6	3	3	4	3	1	5	2	3	2	4	4	2	7	5	2	0	0	1	0	1	2	0	5	6	6	7	17	2	3	3	2	3	13	16	2	2	1	1	2	1	0	1	1	0	1	0	0	0	2	0	0	0	2	0	0	0	0	1	1	1	0	0	1	0	0	0	1	1	1	0	0	0	0	2	0	0	0	1	1	2	0	4	1	1	1	3	0	1	0	2	1	2	7	4	7	4	4	6	5	2	7	8	6	6	2	5	5	2	2	4	7	9	3	5	6	1	1	2	2	0	1	1	1	0	0	0	2	2	0	0	0	1	0	0	2	1	4	1	0	1	2	4	2	3	4	3	0	0	0	0	0	1	1	4	1	2	0	0	0	2	0	1	1	0	0	0	0	0	0	0	0	1	0	0	3	0	2	1	0	0	1	0	0	0	0	0	3	0	3	1	0	0	0	0	2	0	1	0	0	1	2	0	0	2	0	0	1	2	1	20	18	0	0
G[T>A]G	66	51	5	6	1	4	5	3	5	3	12	22	18	49	0	1	9	8	4	2	8	4	9	6	6	1	28	21	0	1	1	1	0	3	0	0	6	8	5	3	6	8	4	6	3	11	5	3	3	2	2	2	2	3	49	31	64	47	8	7	8	13	10	1	9	9	11	3	1	6	10	7	9	2	4	1	1	3	2	2	4	16	26	3	6	2	3	3	2	7	4	7	9	9	21	24	1	3	12	10	8	18	33	3	5	3	5	0	1	0	0	0	0	1	0	1	1	0	0	2	2	0	0	0	1	0	1	1	0	0	3	3	2	3	2	0	0	1	0	0	0	0	0	0	0	2	5	3	7	5	2	1	2	0	4	3	0	4	4	4	8	10	13	12	14	10	3	0	2	10	9	9	6	2	2	7	1	2	3	7	4	6	7	3	0	1	3	1	0	2	2	0	0	1	1	1	3	8	6	0	1	1	1	5	2	11	17	2	2	1	3	2	4	0	2	3	7	1	2	1	1	3	3	3	1	3	0	0	1	0	1	3	2	2	0	2	2	0	0	0	1	2	0	1	0	3	0	0	0	0	0	2	2	1	1	1	5	0	2	3	0	0	1	1	0	1	5	0	0	1	0	0	0	0	7	0	0	2	21	26	2	1
G[T>A]T	44	55	5	5	4	7	3	3	8	5	9	18	5	65	3	1	7	6	2	1	11	16	9	3	5	6	8	12	0	0	0	1	1	1	0	0	4	10	6	1	2	7	5	8	2	3	3	3	1	3	5	5	3	5	32	14	25	19	5	3	8	11	7	2	9	6	7	9	10	9	11	9	10	3	2	5	1	1	1	0	1	9	10	1	5	2	0	0	0	5	7	6	4	15	11	17	6	4	11	5	3	12	27	7	5	0	7	0	0	0	2	0	0	0	0	1	0	1	1	0	2	1	3	0	1	3	1	2	0	0	1	0	1	2	0	0	0	3	0	0	0	2	0	1	0	1	4	5	6	2	2	6	4	1	2	3	3	7	3	2	1	7	9	12	9	7	5	6	5	9	14	10	7	5	3	2	4	3	5	8	6	7	8	2	0	1	1	2	1	1	2	0	1	0	2	1	3	4	1	3	0	0	0	0	0	9	5	1	2	1	1	1	3	4	6	3	6	2	1	0	3	5	4	6	1	1	1	1	1	1	0	0	1	1	0	0	1	1	0	1	3	0	0	2	0	0	2	0	0	0	0	3	1	0	1	3	2	3	6	2	0	0	1	1	0	0	2	0	2	2	0	0	0	0	2	5	3	2	19	16	2	0
T[T>A]A	127	123	9	10	14	10	4	4	5	6	7	20	6	146	1	0	6	4	1	5	4	15	12	10	4	2	30	22	0	0	0	0	1	1	0	0	5	15	9	16	10	9	8	6	6	9	6	5	2	4	9	3	1	3	67	43	40	26	3	4	10	6	7	4	10	8	7	3	4	12	14	13	13	3	7	4	6	5	6	4	5	14	25	1	3	2	2	1	7	8	8	11	11	15	15	27	3	4	16	5	3	22	51	10	13	3	3	0	1	3	3	0	2	1	1	0	1	1	2	1	0	2	2	0	3	0	4	9	3	1	4	4	1	1	1	0	0	8	0	1	1	1	0	0	2	8	4	2	4	4	1	2	7	7	13	3	2	6	1	5	1	14	14	10	9	9	9	2	5	45	32	18	12	9	9	4	5	2	7	8	6	5	2	3	3	2	6	3	0	0	1	1	1	1	1	2	4	6	5	5	4	0	2	3	2	9	4	0	2	4	6	6	15	14	4	4	5	1	2	0	2	3	8	7	3	3	1	0	0	2	1	0	0	1	2	1	1	0	0	2	2	0	1	4	1	4	0	0	1	2	0	0	4	1	2	1	4	2	1	3	0	0	1	3	1	8	3	1	3	0	0	0	1	0	3	0	0	5	21	31	3	3
T[T>A]C	45	42	13	3	7	2	2	5	1	2	2	7	4	74	1	1	8	6	5	6	3	7	6	6	7	3	16	22	1	0	2	0	0	0	1	0	0	7	8	10	4	6	4	7	5	2	4	3	2	2	2	6	3	1	49	35	16	17	5	3	11	8	4	5	5	7	1	1	1	2	7	3	3	2	5	0	2	2	0	6	1	11	6	1	3	0	2	0	4	5	8	5	2	8	14	18	4	3	10	3	5	13	35	6	3	3	1	0	0	0	0	1	1	0	0	2	0	1	1	0	1	3	2	0	1	0	0	2	1	1	2	0	1	0	1	1	0	3	0	0	0	0	0	1	0	4	4	0	2	1	4	3	3	3	6	1	2	5	0	2	2	6	5	7	3	4	16	6	1	5	15	6	7	4	8	3	2	4	5	6	5	4	4	6	2	1	0	0	1	1	0	0	1	1	0	3	1	1	5	1	1	0	0	1	1	5	3	3	2	2	2	2	7	1	2	1	2	0	1	1	1	1	2	2	2	2	1	1	1	2	1	1	0	0	0	1	1	1	0	0	1	0	1	1	1	0	0	2	2	1	0	2	5	1	0	2	0	1	1	2	0	1	1	0	0	0	1	1	0	1	0	0	1	1	0	2	1	0	13	17	1	2
T[T>A]G	62	44	10	6	6	4	3	7	3	2	9	21	7	55	1	0	6	10	4	2	4	11	8	2	10	14	27	26	0	0	1	0	2	0	1	0	4	12	8	4	2	7	10	11	4	5	4	5	0	1	3	1	2	1	66	41	39	31	5	8	13	6	11	3	9	4	6	6	3	6	5	10	12	3	2	2	1	2	3	0	4	13	15	2	6	5	1	5	1	1	8	7	10	11	19	39	3	0	9	3	5	13	27	6	3	2	5	0	1	0	4	0	0	1	0	2	0	0	2	1	1	2	1	1	1	0	4	6	2	1	1	0	0	0	2	0	0	4	0	0	1	0	0	1	0	4	3	6	5	5	2	3	2	4	7	2	2	5	2	1	2	2	5	7	9	8	4	2	5	24	20	15	10	3	7	2	4	4	2	8	7	6	4	4	0	2	6	1	3	0	0	1	0	1	0	0	5	6	6	3	3	1	0	1	3	10	9	1	1	0	4	4	8	3	5	2	4	0	0	0	0	3	11	4	3	0	1	1	0	1	1	0	0	0	0	2	0	1	0	1	1	0	0	3	0	2	1	0	0	0	1	2	4	3	0	4	0	3	3	2	0	0	0	0	1	1	1	1	1	0	1	0	1	0	2	3	3	4	18	16	1	1
T[T>A]T	200	227	11	21	26	24	4	3	6	8	9	21	6	385	2	4	12	17	4	10	7	28	16	6	11	10	33	27	0	0	0	1	0	0	0	0	7	19	9	17	12	14	13	19	10	7	9	10	4	6	7	8	2	2	43	40	38	26	4	15	15	17	8	8	16	8	15	6	6	16	14	24	16	6	1	1	3	3	4	5	7	26	25	5	11	6	3	4	5	11	14	11	15	16	19	24	5	2	28	11	13	33	70	17	16	11	5	0	2	6	2	4	2	0	0	2	4	5	1	1	0	1	0	1	0	1	10	6	2	2	7	3	3	1	4	2	1	6	0	1	0	2	2	2	2	5	9	8	1	4	5	8	3	5	7	5	2	13	5	5	3	9	21	14	19	31	35	8	12	34	27	15	20	7	17	2	6	4	9	11	9	10	7	5	4	1	9	1	3	0	3	0	1	1	0	14	20	7	10	1	5	2	0	1	2	7	7	3	5	6	3	7	11	8	15	8	4	3	1	2	3	1	7	7	6	5	0	1	3	1	2	2	0	2	1	4	2	1	5	1	1	2	0	5	0	1	1	1	1	1	2	3	5	1	0	2	1	2	0	1	1	1	4	2	3	3	3	2	2	3	0	1	1	0	1	5	3	4	20	31	3	5
A[T>C]A	116	118	18	24	35	36	25	23	35	28	35	94	30	178	9	11	27	25	16	10	20	38	42	26	20	19	124	99	7	2	4	1	4	7	4	3	45	44	43	56	51	52	50	36	25	24	21	25	8	15	30	17	11	21	283	222	162	143	23	11	55	46	37	22	37	28	42	12	11	38	31	37	33	32	37	13	15	33	16	39	19	177	164	14	20	29	12	12	12	14	74	61	35	53	103	122	22	19	24	22	24	176	342	31	38	7	5	1	5	5	7	1	2	3	5	4	6	0	9	3	6	6	5	5	4	4	15	10	5	6	5	4	4	3	4	5	3	15	3	8	3	3	4	4	3	19	22	15	28	10	17	15	22	7	26	19	13	22	12	22	29	60	63	25	18	29	25	18	23	51	61	48	33	12	18	31	30	24	23	29	36	19	14	28	12	9	39	16	12	3	6	6	3	1	7	14	21	59	95	9	8	4	12	13	8	25	10	5	7	8	23	38	22	18	25	14	23	10	4	5	14	7	14	15	8	13	3	0	7	7	1	6	9	2	4	5	8	6	5	2	9	4	2	6	1	4	6	2	7	3	4	3	17	10	11	14	12	7	5	7	2	6	9	3	6	4	8	9	3	4	9	3	1	2	12	13	9	11	143	155	20	23
A[T>C]C	30	32	4	3	12	9	7	10	7	9	18	14	9	29	4	3	16	7	5	9	5	15	16	13	9	7	44	25	0	1	1	0	1	2	0	4	12	22	10	18	8	18	13	15	13	11	6	7	9	3	12	7	2	4	49	38	21	17	8	2	16	16	14	12	15	18	10	4	5	9	13	22	12	8	7	3	7	12	6	2	5	6	14	4	9	9	3	4	3	6	8	9	10	10	17	27	3	2	7	5	5	59	97	9	12	2	4	1	0	2	2	3	1	1	0	1	0	0	1	3	0	1	1	2	1	1	3	4	1	4	1	1	3	2	1	0	2	5	1	0	0	1	2	1	3	4	10	10	9	3	6	2	3	2	10	5	3	7	2	6	13	13	20	4	9	5	5	3	3	28	27	14	15	3	4	9	12	4	11	13	10	4	1	12	5	5	8	3	3	0	0	0	2	1	2	5	6	8	11	2	1	3	1	5	1	2	4	0	4	1	4	5	3	4	12	7	4	2	1	0	3	2	7	11	5	3	0	1	4	2	0	3	1	1	2	1	2	1	1	0	0	1	1	4	2	0	1	2	4	0	2	0	6	3	3	3	1	1	1	4	3	2	5	4	1	2	2	3	0	0	1	1	1	0	5	2	4	5	43	39	6	1
A[T>C]G	93	73	9	10	24	18	24	21	27	34	28	67	33	124	9	9	24	26	5	17	15	30	33	37	15	14	112	97	1	1	0	0	11	3	2	2	27	39	35	48	33	32	46	40	44	53	14	26	8	8	29	22	7	21	247	173	106	97	31	15	29	38	48	21	33	42	29	13	12	29	34	33	36	32	30	15	16	20	22	25	10	65	97	13	36	26	14	10	8	12	20	24	24	35	99	141	12	7	20	15	20	157	345	22	21	4	8	4	4	0	2	1	0	1	1	1	3	3	4	3	6	2	3	2	2	4	6	7	5	4	2	6	3	3	9	5	2	6	1	2	2	3	1	1	3	14	14	27	39	15	12	7	19	6	17	16	6	19	9	21	32	61	53	20	20	24	15	24	14	47	42	34	32	6	19	22	12	19	20	20	20	19	12	15	9	7	26	9	11	8	6	2	1	4	8	5	9	20	48	5	3	3	3	11	6	28	13	8	7	6	33	28	19	20	12	11	13	9	8	2	5	10	17	6	11	5	2	0	6	1	5	12	9	4	2	4	5	9	0	0	5	3	3	5	2	2	0	2	3	2	0	5	9	4	7	8	5	7	3	4	4	3	13	4	9	1	4	5	3	5	2	1	3	1	18	13	14	23	150	133	20	9
A[T>C]T	137	129	19	14	52	51	14	23	29	24	19	59	25	158	11	10	29	27	9	25	8	44	45	31	16	22	90	65	2	1	1	1	7	4	2	4	33	29	38	55	43	64	46	45	36	31	22	16	9	16	26	17	10	11	128	87	72	50	14	11	38	40	24	24	30	24	27	8	17	34	36	32	30	16	25	13	18	24	19	25	13	73	61	10	33	23	12	8	8	19	56	36	31	42	51	75	13	10	26	20	22	130	286	33	48	5	8	1	4	3	7	2	6	2	3	4	6	8	2	3	2	4	4	1	6	3	4	11	7	5	4	4	5	4	9	4	7	9	3	0	0	3	0	2	2	14	22	14	20	11	11	10	14	7	24	11	6	29	8	23	22	42	36	15	14	23	19	8	19	55	48	43	33	7	25	27	27	21	30	37	19	13	11	24	9	9	28	10	5	4	8	3	3	6	8	26	36	25	32	7	8	11	6	6	8	12	6	8	5	5	13	12	24	13	21	11	9	8	5	4	8	9	15	15	12	13	1	1	8	6	6	4	5	6	9	6	4	6	3	1	3	1	2	6	5	1	1	0	11	2	8	1	4	1	4	7	3	10	5	6	1	2	9	5	7	6	9	5	2	5	4	4	1	1	19	16	7	20	134	140	9	9
C[T>C]A	66	51	12	4	8	10	6	2	8	3	6	27	15	128	0	4	6	7	6	7	5	21	14	12	12	11	51	38	1	0	1	0	1	2	3	1	10	16	12	20	16	11	20	13	5	7	4	2	4	5	8	8	5	3	78	61	65	51	7	5	11	13	10	7	9	10	7	3	3	13	9	10	19	7	10	4	2	5	7	6	6	60	70	4	7	2	1	2	5	6	19	11	8	18	29	50	7	5	14	2	7	46	86	10	17	1	2	2	1	3	3	1	2	0	2	3	3	1	0	0	0	1	1	1	4	0	3	3	0	0	1	3	2	3	3	4	0	7	2	1	0	0	0	0	0	2	2	3	8	3	1	8	7	3	4	4	2	6	4	4	7	25	25	10	2	13	6	0	3	26	25	25	26	9	6	8	6	5	6	14	5	6	5	6	6	2	7	2	5	3	0	2	1	1	1	0	4	28	34	0	0	1	0	5	5	7	3	3	6	8	10	6	8	10	9	6	2	1	3	2	2	0	10	6	6	6	1	0	0	1	0	3	3	3	2	1	1	1	2	0	1	1	0	5	1	4	0	1	2	0	0	1	3	1	0	4	4	1	4	3	1	1	1	0	2	4	2	2	1	3	0	1	0	2	4	4	0	3	46	53	8	7
C[T>C]C	41	26	5	2	12	5	3	5	8	8	9	17	6	50	4	1	8	9	3	5	3	13	18	9	10	22	38	19	1	0	0	0	1	0	1	0	13	28	15	11	10	11	12	18	8	9	9	3	5	2	15	7	4	5	38	29	14	8	2	6	18	9	9	8	17	9	11	4	3	9	19	18	17	5	8	1	4	10	6	6	6	8	10	3	11	7	5	3	5	7	15	10	10	17	15	23	6	4	5	8	2	27	66	15	15	2	4	1	1	1	1	1	1	0	0	2	3	2	2	1	1	1	2	1	2	2	1	5	4	2	1	2	2	1	1	0	0	7	0	1	1	1	1	0	2	3	8	2	5	6	4	5	3	5	10	0	0	8	2	11	8	10	13	6	9	8	5	2	4	36	30	20	12	1	8	3	6	6	12	15	6	6	5	10	3	2	9	1	1	1	3	0	2	0	1	5	2	0	9	2	2	1	1	5	1	9	4	1	1	1	3	5	8	7	1	3	6	2	1	1	1	5	8	7	4	4	0	1	0	1	0	2	1	0	0	2	1	1	1	1	2	1	0	1	1	0	1	0	1	2	2	1	4	1	1	3	1	4	1	3	0	1	2	1	1	3	2	1	0	0	0	0	0	0	1	3	6	4	42	40	4	2
C[T>C]G	50	47	7	4	9	10	8	6	15	4	8	27	12	45	7	2	18	15	7	14	8	18	19	13	8	13	48	35	2	0	0	1	2	2	2	2	11	18	17	18	13	27	16	10	7	8	5	8	2	2	7	6	4	3	105	80	51	44	8	8	16	18	16	14	17	19	14	3	4	13	7	13	19	5	18	6	10	4	11	11	9	31	32	4	9	3	4	2	2	6	14	15	8	17	38	61	5	7	7	7	4	71	161	8	15	3	2	2	0	0	6	0	2	0	0	1	4	1	2	2	2	2	1	2	1	1	5	12	3	1	1	1	0	2	4	3	1	4	1	0	1	0	1	1	0	5	7	3	8	4	4	6	6	9	13	4	2	7	4	5	9	19	16	6	6	9	11	9	7	26	29	23	12	3	14	12	10	10	14	15	4	8	2	4	8	2	17	7	5	2	2	0	2	1	5	2	1	11	14	2	1	2	2	9	3	12	11	0	5	3	8	6	12	18	15	6	6	2	3	4	4	3	11	2	6	2	2	0	2	1	1	2	3	1	5	0	0	0	2	0	1	1	3	9	0	0	0	1	4	0	1	1	10	2	1	5	3	2	1	1	0	1	3	0	3	2	5	2	1	2	2	1	0	0	4	4	1	6	83	82	8	10
C[T>C]T	224	179	20	12	10	5	5	8	3	5	11	19	16	224	5	6	4	13	5	3	5	17	24	13	11	19	37	30	1	0	2	0	0	1	0	1	5	33	10	16	14	20	20	22	6	7	7	6	5	3	8	11	2	8	40	40	35	25	3	10	17	14	11	17	21	18	16	4	5	29	23	17	18	9	9	3	5	8	8	7	4	43	43	3	10	7	3	2	4	11	19	19	14	17	12	26	2	3	18	10	9	70	111	8	14	4	1	0	0	3	3	1	0	0	0	2	1	1	4	3	0	2	1	0	1	1	8	8	1	4	1	2	2	1	1	3	0	16	1	3	1	0	3	1	1	6	5	3	6	2	2	5	3	5	7	4	5	14	10	5	9	14	17	6	7	23	25	6	11	46	48	34	26	5	14	3	7	6	12	9	8	10	4	10	1	1	6	2	4	2	1	2	1	3	4	3	5	8	17	1	1	4	1	4	3	7	4	1	2	3	5	5	21	12	11	7	1	3	0	3	2	1	15	8	6	6	1	1	2	0	0	0	1	3	1	1	4	2	2	0	0	1	2	0	2	1	1	0	4	1	3	1	6	3	3	2	5	3	3	0	0	2	3	1	5	3	0	4	4	1	0	1	0	1	5	4	7	4	54	45	7	3
G[T>C]A	38	28	5	1	7	7	5	3	4	5	7	22	10	32	3	0	7	7	3	5	4	15	10	6	8	7	26	22	0	0	1	0	0	1	0	0	7	10	2	14	9	10	6	15	4	7	5	2	3	4	8	5	2	4	35	30	27	26	2	2	6	9	4	6	6	6	8	5	4	3	10	7	8	7	9	7	3	3	1	6	2	21	35	1	2	1	1	2	7	7	3	7	6	13	19	15	8	1	7	6	4	23	55	13	10	1	1	0	0	2	1	0	1	0	0	0	2	0	1	2	0	0	0	0	1	0	1	2	1	5	4	3	0	1	1	2	0	2	0	2	0	0	1	0	0	4	5	5	2	2	5	4	3	3	9	5	2	5	2	2	6	13	12	5	3	6	6	3	0	17	16	10	11	3	8	4	5	2	7	11	6	4	2	5	0	0	12	2	1	0	0	0	1	1	2	4	2	15	22	0	1	0	2	1	1	6	4	0	3	1	3	4	8	5	5	5	5	3	0	0	1	3	5	8	4	3	0	1	0	1	1	2	0	1	1	2	1	4	0	1	2	2	0	4	1	2	1	0	1	1	0	2	2	3	2	3	0	2	0	2	0	0	0	1	1	2	5	1	1	1	0	0	2	0	0	1	2	0	37	39	3	3
G[T>C]C	25	28	2	5	12	10	4	4	8	11	9	19	11	27	2	1	6	3	4	5	5	12	14	3	8	10	19	27	0	1	0	0	1	0	0	0	8	17	8	13	3	11	9	10	3	3	0	4	1	4	6	11	2	4	26	28	18	15	2	1	5	8	5	6	15	12	5	4	3	6	8	9	9	0	5	4	2	4	7	7	5	3	4	4	5	2	0	0	9	5	5	6	6	13	7	17	1	2	7	4	7	37	61	17	20	4	1	1	2	6	1	0	0	0	4	4	0	4	2	1	1	2	1	1	0	1	3	4	4	4	1	2	2	2	1	2	2	10	1	0	1	1	1	1	1	3	6	5	9	4	3	3	3	3	6	3	3	5	1	4	6	8	10	1	3	7	3	5	1	27	23	22	12	2	9	6	4	3	5	6	11	3	1	8	2	2	6	2	3	0	1	0	0	0	2	3	4	3	5	2	2	2	1	2	4	4	2	0	1	2	4	5	6	4	3	2	5	1	1	0	1	2	7	4	1	3	0	0	1	2	0	0	1	1	0	2	1	0	0	1	2	0	0	1	1	1	0	1	1	2	1	0	0	0	2	0	1	2	1	2	0	0	1	1	1	1	2	2	1	1	1	1	0	0	2	1	3	3	34	29	1	1
G[T>C]G	59	44	12	8	7	10	7	6	10	7	13	31	13	41	3	2	17	8	4	8	7	18	10	10	2	9	53	34	1	2	0	0	3	3	3	2	11	21	9	24	17	12	12	15	13	11	10	8	7	4	8	6	1	4	85	53	43	28	10	3	19	16	18	9	9	10	14	7	7	12	17	24	26	9	8	3	4	10	9	11	7	32	22	2	3	6	3	3	1	7	2	12	11	22	26	35	2	3	5	7	2	49	91	10	7	0	3	2	1	2	2	0	0	0	0	0	1	0	2	1	1	2	2	2	1	3	1	3	0	2	0	0	0	3	6	1	2	8	0	3	1	1	1	3	0	5	6	8	8	8	8	4	2	3	13	7	5	10	0	3	4	11	17	9	12	13	6	3	12	20	40	21	11	5	8	7	8	3	11	11	12	6	8	4	3	0	18	3	3	1	1	0	1	0	3	2	7	10	10	2	1	3	2	8	0	12	6	4	3	1	8	7	9	10	4	4	4	2	3	0	2	2	7	7	8	9	1	0	2	4	3	5	2	0	1	2	1	1	1	0	2	3	1	1	1	2	0	0	1	3	1	2	6	2	2	4	1	3	7	1	0	0	0	4	2	2	1	0	0	0	0	3	2	1	6	7	4	7	53	62	8	3
G[T>C]T	880	824	85	47	19	18	14	7	19	17	8	24	13	580	5	3	14	10	7	15	11	27	18	15	8	19	46	46	0	1	1	1	1	0	0	0	9	25	17	22	15	24	22	26	12	10	6	9	7	10	7	14	14	8	64	70	34	27	6	17	16	14	16	11	22	18	18	10	4	14	14	21	16	13	19	9	9	8	5	10	9	24	29	9	8	9	3	4	4	10	11	10	14	17	27	36	11	6	67	6	7	53	108	15	24	1	0	0	0	2	4	2	1	0	1	3	2	0	2	4	2	4	3	5	1	2	3	8	4	2	0	2	1	1	6	2	0	6	2	2	1	0	1	1	1	8	12	8	14	2	3	10	13	10	14	5	7	12	7	8	6	17	18	6	10	51	41	11	8	38	43	25	19	5	15	12	8	11	20	17	15	4	9	9	6	3	9	2	3	4	2	0	1	3	5	7	9	10	15	2	4	2	3	5	4	7	7	3	3	5	3	6	11	7	17	8	5	3	6	0	5	1	12	10	3	3	1	0	1	2	4	2	2	1	1	2	3	4	2	0	2	2	1	6	2	3	1	1	2	1	2	2	4	3	3	4	0	4	5	2	1	0	2	0	4	0	1	0	2	2	1	0	1	0	7	4	3	3	58	50	8	5
T[T>C]A	243	194	11	9	12	12	5	7	3	14	11	39	14	286	1	3	9	4	6	8	4	22	19	19	13	11	75	60	0	2	1	0	1	2	3	2	11	23	25	30	19	27	28	23	8	7	14	6	6	3	12	10	4	12	128	115	56	46	9	10	21	18	22	6	12	6	10	8	6	19	16	17	18	10	20	8	10	7	8	9	15	56	62	5	11	10	5	6	3	7	9	13	20	15	52	66	4	6	28	5	10	58	156	15	19	1	4	2	3	2	3	1	2	2	3	3	7	3	3	4	3	3	1	1	2	3	1	4	3	2	0	1	3	2	3	0	2	4	1	3	0	1	0	1	0	8	8	4	10	2	8	3	7	4	10	6	9	8	2	9	8	35	27	4	4	18	31	6	10	28	24	20	8	4	12	10	8	7	13	25	8	9	6	4	3	3	14	4	3	4	1	2	3	0	7	4	7	28	36	1	4	0	3	14	1	15	7	2	3	6	18	15	23	10	10	8	8	7	2	2	0	2	12	16	3	5	1	0	1	4	2	3	2	5	0	3	2	2	4	2	3	0	0	1	2	4	2	1	3	3	1	1	7	3	5	6	3	1	2	1	0	1	2	0	2	3	5	3	2	1	0	3	2	1	3	1	4	4	51	61	15	8
T[T>C]C	74	59	6	5	6	8	5	6	9	5	7	15	5	85	4	4	8	5	5	8	5	19	14	8	4	7	27	20	1	0	0	0	1	0	0	0	4	19	10	16	10	10	16	12	11	9	5	6	6	8	10	6	3	3	41	28	19	19	2	3	11	8	4	7	18	17	9	4	2	11	17	13	9	6	5	3	3	6	2	6	7	9	13	1	6	2	1	2	3	7	1	6	7	9	18	24	2	1	10	6	8	29	60	10	5	1	0	0	0	3	2	1	0	1	1	1	0	1	1	2	4	2	3	1	1	0	6	5	1	0	2	0	3	2	1	2	3	11	0	1	1	1	1	3	2	5	10	1	4	7	2	6	2	6	7	5	6	4	5	8	4	8	7	6	6	9	6	6	3	29	34	16	27	5	11	7	6	6	10	12	6	7	3	5	4	3	9	0	2	0	2	1	1	0	2	4	4	6	4	4	5	2	1	1	1	7	1	1	2	4	4	3	10	6	6	5	3	3	2	1	2	5	9	5	4	4	0	1	1	2	1	2	3	2	0	1	0	2	3	2	1	1	0	2	2	1	1	1	2	2	1	0	3	1	3	3	4	2	1	1	0	2	2	1	3	6	4	0	1	1	1	0	0	0	1	3	3	2	36	28	4	4
T[T>C]G	120	129	7	4	4	7	5	4	15	9	11	16	9	168	5	3	6	3	8	10	6	13	14	9	4	10	47	37	0	2	0	0	1	1	1	2	16	19	23	28	22	22	14	15	7	7	6	7	5	4	9	11	6	3	130	105	40	31	6	8	12	9	10	7	10	6	10	6	2	8	16	6	14	11	7	4	7	5	4	9	6	27	27	2	17	3	2	2	0	7	11	3	8	13	44	41	3	6	14	8	8	53	105	14	9	3	1	4	1	2	1	0	1	2	1	1	5	1	0	1	0	1	1	2	0	0	4	2	1	3	1	2	0	3	3	1	1	5	0	1	0	0	1	0	1	5	11	6	2	4	3	3	3	3	8	5	7	4	3	8	15	17	21	3	5	22	16	4	7	27	23	13	9	6	7	7	10	8	10	12	6	3	4	6	3	2	9	2	3	1	2	0	2	1	4	3	0	8	14	1	2	2	0	2	3	10	7	1	3	1	8	15	12	13	7	4	4	4	1	1	2	0	8	6	4	1	1	0	2	1	1	2	0	1	1	2	4	3	2	1	1	2	2	3	0	0	2	2	1	1	2	1	2	1	1	4	3	4	1	1	0	1	6	4	0	1	2	2	0	1	2	1	0	0	3	3	4	8	57	52	6	9
T[T>C]T	174	118	15	7	27	26	7	8	14	12	11	31	14	196	4	7	12	12	8	10	5	31	26	12	10	21	59	54	0	0	1	2	4	1	2	0	12	29	32	34	21	23	29	26	13	15	6	6	5	10	15	5	4	10	80	64	38	31	10	5	20	26	14	17	17	19	19	5	5	16	22	18	23	14	20	4	8	8	7	7	11	45	31	3	10	9	5	5	7	8	12	8	13	18	34	36	6	6	14	10	7	66	156	25	20	5	4	4	0	3	4	1	1	4	4	2	1	4	3	3	2	2	1	2	3	2	10	12	0	2	1	1	2	6	6	1	1	8	1	1	2	2	2	0	0	7	13	5	6	7	8	10	5	4	7	12	5	13	12	10	17	18	23	7	8	15	23	6	11	61	59	24	21	10	12	11	11	12	23	18	6	14	7	11	5	7	16	6	3	4	3	4	1	2	4	14	14	16	15	2	2	1	2	6	7	7	6	2	3	3	5	8	16	12	13	13	6	1	2	0	4	3	16	9	8	4	1	0	4	1	4	1	3	4	4	3	4	6	7	2	3	1	1	9	2	1	3	3	2	0	2	3	5	3	5	4	6	3	5	4	1	2	5	5	4	4	1	3	0	0	4	2	0	1	2	7	2	8	66	77	9	6
A[T>G]A	37	38	3	6	5	7	1	3	4	2	4	4	0	67	2	2	6	4	1	2	4	12	7	4	3	4	9	4	1	1	0	0	3	1	0	0	1	14	6	13	4	6	13	8	3	2	1	4	2	5	7	1	4	2	24	11	9	12	1	0	6	4	4	8	10	7	4	3	1	9	17	5	6	2	8	1	1	3	0	4	1	10	6	4	1	0	2	5	2	5	8	8	4	5	7	11	5	4	5	4	1	15	36	7	1	0	3	1	1	1	0	0	1	0	1	1	0	0	0	0	0	1	1	0	1	0	7	7	1	5	0	0	0	1	2	2	5	9	0	4	0	1	1	0	0	1	2	1	4	0	1	3	3	3	3	2	1	6	2	4	4	10	6	5	4	3	2	2	3	37	30	12	16	5	10	3	2	4	6	10	4	4	6	5	3	0	5	0	0	1	0	1	3	0	0	5	2	3	2	0	1	1	0	2	0	1	2	1	0	1	1	3	17	18	14	5	1	2	1	0	4	0	10	5	4	1	0	0	1	0	1	3	1	0	1	0	0	0	0	0	1	0	1	0	0	1	0	1	1	0	0	1	2	1	1	0	4	1	0	2	0	0	1	0	4	3	2	0	0	1	0	0	0	0	1	2	3	3	17	17	0	3
A[T>G]C	16	12	1	2	2	3	1	1	0	1	1	1	1	13	2	1	3	3	1	2	2	4	8	2	1	0	7	4	0	1	1	0	0	0	2	0	2	2	5	4	1	2	1	5	4	4	0	1	0	0	6	2	0	3	6	12	1	7	1	2	2	2	1	3	2	1	4	1	2	1	2	1	4	0	2	0	1	1	1	1	2	3	5	0	3	0	1	0	2	6	3	3	2	6	2	8	2	2	5	3	0	10	26	1	3	1	3	0	0	0	0	0	0	1	0	0	1	1	0	0	0	0	0	0	0	1	1	2	1	0	0	0	0	0	2	2	0	4	1	1	0	0	0	0	0	1	0	2	1	2	2	4	2	0	1	1	1	4	0	2	3	2	5	6	3	1	1	0	2	10	6	5	5	5	3	4	1	0	3	6	0	7	2	1	2	0	2	0	0	0	0	0	0	0	0	0	0	1	0	0	0	1	0	2	1	2	0	0	1	0	1	2	4	2	1	1	0	0	0	0	0	0	4	3	2	0	0	0	0	0	0	0	1	0	0	0	1	0	0	0	0	0	1	1	0	0	0	0	0	0	0	0	4	2	0	1	0	0	0	0	0	1	0	0	1	0	2	0	0	1	0	0	0	0	0	0	2	2	11	13	0	1
A[T>G]G	63	67	10	15	0	4	3	5	4	7	7	10	3	40	4	2	7	5	1	2	4	3	8	4	4	7	9	15	1	2	1	0	3	0	0	0	4	7	11	4	4	3	5	12	6	6	3	3	2	0	4	2	1	3	19	19	10	10	3	0	7	6	4	8	4	3	11	8	4	4	6	7	9	2	6	5	4	3	2	2	2	4	3	2	6	5	4	5	1	4	5	6	4	9	4	13	1	5	5	2	5	24	42	5	5	4	6	1	0	1	1	1	1	1	0	2	1	0	1	2	0	4	1	0	2	0	6	3	1	2	2	1	0	2	1	1	0	4	0	1	0	0	1	0	0	3	3	1	1	0	0	4	3	3	11	6	1	5	3	2	4	3	4	12	4	4	0	2	8	13	11	5	8	4	9	3	4	3	4	4	5	5	1	3	6	1	9	0	1	0	0	0	0	0	2	0	1	3	4	2	1	1	0	1	0	2	0	0	0	1	1	0	4	6	3	2	2	0	1	0	0	0	2	3	1	0	0	1	1	0	1	0	1	0	0	1	0	0	0	0	0	0	0	1	1	0	1	0	1	1	0	1	4	3	2	0	1	0	0	2	1	1	2	0	1	1	0	0	1	1	0	0	1	0	3	0	3	3	28	33	1	1
A[T>G]T	50	31	2	4	5	5	2	5	7	8	8	8	5	55	0	5	9	7	4	3	4	10	11	7	5	4	14	9	1	1	0	0	0	0	0	1	1	22	13	13	2	7	11	11	2	5	2	5	1	3	5	5	2	4	28	21	4	8	5	3	14	4	9	10	10	7	4	6	4	9	13	9	12	3	6	1	0	4	4	4	7	6	5	0	4	2	2	1	1	5	10	8	8	7	15	17	4	2	10	4	2	24	44	4	8	2	4	1	0	1	0	0	0	2	1	1	1	2	1	1	1	3	0	0	1	0	2	9	3	2	2	1	2	1	1	1	0	7	0	0	0	0	0	0	1	5	1	1	3	3	4	3	1	5	9	2	1	8	5	5	1	6	11	9	7	4	7	4	8	23	31	16	13	1	12	4	4	2	7	8	6	1	7	6	4	0	5	1	1	0	0	0	1	0	0	5	3	0	3	1	2	1	0	3	1	3	1	1	0	8	3	1	6	12	4	4	1	2	1	1	1	0	3	5	4	2	0	1	1	3	2	0	0	0	1	1	1	1	1	0	0	1	1	1	0	1	2	0	1	1	1	2	1	2	3	2	3	1	1	0	0	3	3	0	2	1	2	3	0	0	0	1	1	0	0	2	2	1	25	29	1	1
C[T>G]A	29	25	5	3	2	2	1	1	3	1	1	5	1	22	1	1	3	2	0	1	4	6	8	2	6	3	11	8	1	1	0	0	0	0	0	0	4	10	4	8	2	6	3	8	1	2	3	1	1	0	3	3	0	2	9	7	14	11	3	1	4	6	1	3	6	3	2	2	1	6	6	4	6	1	1	2	1	3	2	0	1	5	2	0	1	0	0	2	4	2	4	3	4	2	4	8	2	3	6	3	1	8	23	5	3	2	2	0	0	0	0	0	0	0	0	2	0	0	0	0	1	2	0	0	0	0	4	12	0	2	1	1	0	2	2	1	2	6	2	1	1	1	1	0	0	1	1	2	2	1	3	2	2	0	2	1	1	0	4	0	1	2	5	3	1	3	0	1	3	41	30	10	10	1	5	2	1	2	7	15	4	0	6	5	4	0	0	1	0	0	1	0	0	0	1	1	2	1	2	1	1	0	0	1	1	1	0	0	0	0	0	1	7	13	6	5	3	1	0	0	0	0	7	6	1	3	0	0	1	0	0	0	0	2	0	0	1	1	0	0	0	0	0	1	0	0	1	0	0	1	0	1	1	0	0	1	1	2	1	0	1	0	0	0	4	4	1	0	0	1	2	0	0	0	0	1	4	3	11	13	2	2
C[T>G]C	22	27	8	1	3	3	1	4	7	5	7	4	10	25	3	3	1	7	5	3	1	3	5	6	1	5	22	16	0	1	1	3	1	0	0	0	7	12	5	8	2	5	5	3	3	3	5	2	2	2	2	2	2	1	18	15	7	3	1	3	6	4	2	2	8	5	1	1	2	7	8	5	6	1	5	0	1	1	2	3	2	4	4	3	3	3	1	0	2	5	6	1	3	5	14	11	10	1	2	0	1	25	38	3	1	1	2	1	0	1	0	0	1	0	1	0	0	1	1	0	0	0	0	0	1	1	3	1	2	0	3	1	0	1	2	2	0	4	0	0	0	0	0	1	2	0	6	2	3	2	1	2	2	1	3	2	3	3	4	2	4	2	5	3	0	7	2	1	1	14	13	5	7	2	2	0	3	3	7	5	5	2	4	4	0	0	2	0	0	0	0	0	0	0	2	0	1	1	2	3	1	1	0	0	0	2	0	0	0	4	7	2	3	2	3	2	1	1	1	1	0	2	2	1	2	0	0	0	0	1	0	1	0	1	0	0	0	0	0	1	0	0	0	0	0	0	0	1	0	1	1	1	1	2	3	2	2	1	2	0	0	2	1	0	0	2	1	1	1	0	0	0	0	0	1	2	3	0	13	9	0	1
C[T>G]G	42	28	11	18	3	4	2	3	9	4	2	7	6	29	1	1	11	3	4	9	3	12	9	4	4	4	17	15	0	2	1	0	3	0	2	0	3	9	10	13	2	4	7	7	2	8	1	6	2	1	6	2	1	3	36	33	21	13	1	2	1	3	9	4	5	10	10	4	4	10	4	12	10	2	4	1	2	5	1	6	2	7	7	3	4	5	1	0	0	7	3	10	3	5	9	20	8	2	3	6	4	29	59	8	3	0	1	0	0	1	0	1	1	0	1	0	2	0	1	0	0	0	0	0	0	0	9	9	0	3	0	0	0	3	0	1	1	11	2	0	0	0	0	0	1	5	3	0	4	1	1	6	2	3	3	3	4	3	0	6	3	6	5	3	4	2	8	2	3	27	18	11	9	8	3	3	3	2	11	8	7	3	3	7	0	0	2	0	0	0	0	0	0	0	3	1	2	2	1	0	0	0	0	1	0	5	6	0	1	2	5	3	6	6	6	4	0	1	2	1	1	4	12	6	2	8	0	0	2	0	1	1	1	0	0	1	0	0	0	1	0	0	0	2	0	0	1	0	3	0	1	1	1	0	0	2	1	1	0	1	0	0	2	1	2	4	3	1	1	2	0	0	0	0	1	2	4	3	24	24	1	0
C[T>G]T	47	33	6	4	3	5	9	3	4	1	3	10	4	45	4	6	10	7	3	11	4	18	15	7	14	12	21	21	0	0	1	0	0	0	0	0	8	58	20	20	4	15	13	23	3	9	2	3	5	2	12	3	4	3	49	26	15	8	2	1	13	7	2	31	41	19	19	6	2	18	22	19	30	9	5	3	3	7	2	4	7	3	8	2	4	1	3	2	2	13	23	12	4	6	19	18	4	3	10	1	6	34	64	14	9	2	1	1	2	3	3	0	1	1	2	1	1	0	0	0	1	0	1	0	1	0	12	20	4	3	4	1	1	3	1	2	1	30	1	4	1	0	0	0	0	1	4	2	5	4	2	6	5	3	4	1	3	9	11	5	3	7	15	4	4	10	5	5	9	103	93	34	37	8	10	6	5	2	10	27	6	8	1	9	6	1	5	1	2	1	0	1	0	2	1	2	4	1	1	4	2	3	1	3	3	0	1	5	2	2	1	1	28	30	31	10	1	2	0	0	1	1	19	12	9	9	0	0	2	0	2	1	1	2	2	0	2	0	0	2	0	2	1	4	2	0	0	0	0	0	1	1	5	0	0	3	8	6	3	2	0	1	0	2	4	6	1	1	0	1	0	0	1	0	0	2	2	5	23	17	2	3
G[T>G]A	21	5	2	2	2	1	0	3	1	2	2	2	2	21	0	0	1	1	1	0	1	3	5	2	2	3	7	3	0	0	0	0	0	0	0	0	2	4	1	4	4	6	5	4	1	3	0	0	2	0	3	0	0	2	5	12	9	5	3	0	3	3	3	1	2	2	2	1	1	3	2	6	5	3	0	2	0	4	1	4	2	1	1	0	1	4	2	0	1	1	3	2	3	2	6	5	3	2	3	3	1	7	16	5	0	0	0	0	0	1	0	0	0	0	0	1	0	1	0	0	0	0	0	0	0	1	1	2	0	0	1	1	0	2	0	2	1	2	1	0	0	0	1	0	0	0	2	1	3	1	3	2	3	0	1	1	1	1	2	0	1	2	2	1	1	2	2	3	1	12	9	4	6	1	1	1	1	1	5	6	2	2	1	2	2	0	1	0	2	0	0	0	0	0	1	0	0	2	0	0	1	0	0	0	0	0	2	2	0	2	1	0	4	1	3	2	1	0	2	0	0	0	5	1	0	3	1	0	1	0	0	0	0	0	0	0	0	0	0	0	1	0	0	0	0	0	0	0	0	0	0	0	0	0	0	0	2	1	2	3	0	0	0	0	1	1	0	0	1	1	2	1	0	0	1	2	0	0	6	11	1	0
G[T>G]C	4	5	2	3	1	3	0	0	3	2	1	0	1	12	2	1	3	1	0	0	0	0	5	1	2	2	4	5	0	0	0	0	1	0	0	0	2	4	2	2	2	1	2	2	2	1	0	0	1	0	1	0	0	0	9	7	1	0	0	1	1	2	0	1	4	1	1	2	1	2	3	3	2	0	2	0	2	1	1	1	2	0	1	0	2	0	0	0	0	0	1	3	0	3	3	1	1	0	0	1	1	11	24	1	4	0	1	0	0	0	0	0	1	0	0	0	0	0	0	2	1	2	0	1	0	0	2	1	0	0	0	0	0	0	0	1	0	2	0	0	0	0	0	0	0	4	2	1	0	0	1	0	2	1	0	3	2	1	0	0	1	3	3	3	1	1	5	1	0	10	6	1	4	0	3	2	0	1	3	6	2	2	2	0	0	0	2	0	0	1	0	1	1	0	0	0	2	0	1	1	0	1	0	0	1	0	0	0	0	0	0	1	2	2	4	0	1	1	0	0	0	0	1	1	0	1	0	0	0	0	0	1	1	0	0	0	0	0	0	0	0	0	0	0	0	0	0	0	1	0	0	0	0	0	1	1	1	0	0	1	0	0	0	1	0	0	2	0	0	0	1	1	0	0	0	1	0	0	5	8	0	0
G[T>G]G	66	66	20	13	2	1	1	2	6	6	6	9	5	35	2	0	7	3	1	6	2	4	5	4	3	10	14	10	0	1	0	1	1	0	0	1	5	16	3	12	3	10	5	3	1	3	2	4	2	1	5	1	2	1	14	18	13	7	2	2	2	3	2	3	8	7	2	3	2	9	9	6	4	1	3	2	2	2	1	0	2	8	4	2	5	6	2	2	3	1	6	1	7	6	7	12	3	2	10	6	0	20	42	10	8	0	3	0	0	1	2	0	0	0	2	1	1	0	0	0	1	0	2	0	0	0	1	1	0	0	1	1	1	0	3	1	1	0	0	2	0	0	2	1	0	2	7	1	9	1	0	2	2	2	3	2	1	2	1	3	2	1	6	3	7	1	4	3	3	17	9	3	8	1	3	3	4	2	11	3	2	7	2	3	0	1	3	0	1	0	0	0	0	0	2	1	2	3	2	0	0	0	2	0	2	0	1	1	3	1	2	1	3	9	4	0	4	0	0	0	2	1	4	3	0	0	0	0	1	1	0	2	0	0	0	1	1	0	1	0	0	1	1	2	0	1	0	0	0	0	1	1	0	3	2	2	0	1	0	1	0	0	0	1	1	2	3	2	0	0	0	0	0	0	0	1	6	0	19	19	2	1
G[T>G]T	51	58	7	3	2	3	2	2	4	1	2	5	2	60	2	1	9	2	2	1	4	11	7	2	5	6	12	4	0	0	0	0	0	0	1	2	2	22	4	9	3	6	10	13	0	3	0	1	3	1	2	5	1	1	13	4	4	2	2	1	8	6	2	9	28	13	8	1	2	4	9	12	7	5	2	0	4	2	8	3	3	2	6	1	0	0	1	3	4	2	4	4	2	3	9	10	3	1	6	1	3	6	24	3	5	1	4	0	0	1	1	0	0	1	0	0	0	0	0	0	0	1	0	0	1	1	4	7	0	5	0	1	0	2	1	0	0	8	1	0	0	1	0	0	0	0	6	0	3	1	2	1	4	3	6	1	1	2	3	3	1	4	2	2	5	5	3	3	5	52	43	12	21	4	4	3	3	2	5	12	4	2	3	7	1	0	5	0	1	0	0	0	0	0	0	5	2	3	1	0	0	1	0	2	2	1	2	1	1	1	2	0	9	7	7	7	1	1	0	0	0	0	5	9	1	2	0	0	0	0	0	1	0	0	0	0	0	0	0	0	1	0	0	4	2	0	0	0	0	1	1	3	0	3	0	3	2	1	2	1	0	0	1	1	0	2	2	1	0	0	1	1	0	0	1	1	0	1	11	16	1	2
T[T>G]A	39	44	3	3	5	3	1	2	5	2	4	10	3	66	3	2	4	3	3	4	4	9	7	6	6	3	14	9	0	0	1	0	2	2	1	1	7	22	10	16	6	4	10	15	1	5	3	4	5	6	8	9	0	1	17	22	15	17	0	2	4	11	8	12	15	7	4	3	1	5	20	6	11	1	6	2	1	4	2	0	2	10	5	1	5	3	2	1	2	4	11	12	6	7	9	23	3	4	10	2	2	21	40	6	8	2	0	0	0	1	3	0	0	0	2	0	1	1	0	0	2	0	2	0	2	1	10	12	1	4	2	1	1	1	1	2	0	13	3	1	0	0	0	0	1	3	1	3	5	3	0	2	1	3	8	1	1	3	0	4	4	3	11	2	3	9	5	3	2	67	57	26	21	5	10	2	3	4	8	13	3	3	4	9	2	1	5	1	1	0	2	0	0	0	0	2	4	1	1	1	1	1	3	3	1	1	0	0	0	1	1	3	17	15	16	6	3	1	1	2	2	0	13	2	4	6	0	0	2	0	0	0	2	0	2	0	2	1	1	0	0	0	0	1	0	1	1	0	0	1	1	2	0	1	2	2	3	3	1	1	0	0	0	1	1	5	1	1	1	1	1	1	0	0	1	1	1	3	19	18	2	1
T[T>G]C	18	24	2	3	1	1	2	2	2	4	0	4	1	33	1	0	5	2	4	2	1	5	3	1	3	1	6	5	0	1	0	0	1	1	4	0	2	6	7	7	2	1	3	1	3	0	2	0	0	1	3	4	3	1	2	6	3	4	2	4	2	3	1	1	3	4	2	2	0	1	2	4	1	2	2	0	0	0	0	4	0	2	3	2	3	2	1	0	0	3	5	1	0	6	2	9	1	1	8	0	1	16	27	3	1	2	1	0	0	0	0	0	0	1	0	0	0	0	0	0	0	2	1	0	0	0	0	0	1	0	0	1	0	1	2	1	0	3	3	0	0	0	1	0	0	2	1	0	1	0	1	0	3	1	5	0	1	1	2	1	1	6	1	3	6	0	6	3	1	7	6	4	1	1	3	1	2	1	3	4	2	1	1	0	1	0	1	3	0	0	0	0	3	0	0	0	2	0	0	0	0	0	0	0	0	1	1	1	1	3	1	2	2	3	1	0	1	0	0	0	0	1	2	3	1	0	0	0	1	2	0	0	1	1	2	1	1	0	0	0	0	0	1	0	0	0	0	0	1	1	0	1	0	0	0	1	0	1	1	0	0	0	0	0	0	1	1	0	0	0	1	0	0	0	2	0	0	0	15	12	1	0
T[T>G]G	37	43	9	11	4	7	3	2	6	8	5	7	4	50	3	3	9	6	2	8	5	15	6	8	4	4	12	8	1	0	0	1	1	0	1	3	5	7	2	3	6	11	7	11	8	4	2	7	1	2	6	5	1	4	20	26	15	8	2	3	7	6	2	3	6	6	6	3	3	11	6	5	7	3	5	0	1	4	0	0	1	9	8	4	7	7	0	1	1	1	5	3	13	5	19	16	2	0	11	5	2	27	53	3	6	2	2	0	0	0	0	0	0	1	0	0	2	0	1	0	0	1	0	0	0	1	2	4	2	1	2	0	2	2	3	0	3	1	0	0	1	1	0	0	0	2	4	5	3	3	1	1	3	2	5	4	1	3	2	3	4	5	10	3	6	11	12	4	2	18	16	11	9	5	5	3	4	3	2	8	1	3	2	4	2	2	8	0	0	1	1	1	0	1	1	0	1	1	0	2	0	1	0	3	1	3	2	0	0	4	2	1	8	10	6	4	1	1	1	0	0	1	3	1	2	2	2	0	1	0	0	1	0	2	0	0	0	0	2	0	0	0	1	2	0	1	0	0	2	0	0	2	2	1	0	1	0	1	1	2	0	0	2	1	4	2	3	3	0	1	0	2	1	1	2	2	1	3	36	33	1	3
T[T>G]T	78	76	6	8	26	25	4	4	17	12	3	13	7	126	3	5	15	18	8	7	10	35	25	11	13	14	32	38	2	1	1	4	0	1	1	4	14	42	26	25	20	18	26	27	12	6	8	4	4	11	14	16	4	7	46	35	14	15	10	6	9	17	15	22	32	17	12	6	2	20	19	20	20	7	10	7	8	10	16	7	12	17	20	5	13	8	1	4	2	10	14	17	13	20	25	36	8	9	19	8	10	47	98	9	15	3	2	1	2	2	4	0	0	1	0	2	2	2	1	0	0	3	0	2	0	0	19	15	3	10	3	1	2	4	6	2	2	16	4	3	1	0	1	2	0	5	3	4	5	3	4	3	8	5	10	6	6	16	14	8	6	9	16	10	8	16	12	11	9	74	88	35	37	9	13	6	7	1	11	24	12	7	9	6	6	1	12	5	0	3	0	3	3	0	4	14	12	2	2	3	2	2	3	4	1	4	2	2	1	9	4	4	20	16	11	10	2	5	1	2	4	2	20	11	5	8	2	0	4	1	0	2	2	1	1	2	0	3	0	2	3	0	1	8	2	1	1	0	1	0	2	0	7	3	3	6	7	2	0	0	2	3	1	0	7	5	3	4	1	2	3	2	1	1	3	1	6	4	44	43	3	0